C:\TA Instruments\WinTest\UnsecureWorkspace\TestData\BV\20221222_b3\b38u 05122023 045539_tdf.CSV,,
,,
   ,,
Elapsed Time ,Disp  ,Load 3 
Sec          ,mm    ,g      
0,2.187,-4.49
0.01,2.188,-4.43
0.02,2.192,-4.36
0.03,2.197,-4.18
0.04,2.202,-3.89
0.05,2.206,-3.65
0.06,2.212,-3.49
0.07,2.216,-3.36
0.08,2.222,-3.15
0.09,2.227,-2.88
0.1,2.232,-2.58
0.11,2.237,-2.35
0.12,2.241,-2.2
0.13,2.247,-2.05
0.14,2.252,-1.89
0.15,2.257,-1.75
0.16,2.261,-1.61
0.17,2.267,-1.49
0.18,2.272,-1.38
0.19,2.277,-1.24
0.2,2.282,-1.06
0.21,2.287,-0.91
0.22,2.292,-0.74
0.23,2.297,-0.58
0.24,2.301,-0.47
0.25,2.307,-0.4
0.26,2.312,-0.34
0.27,2.317,-0.27
0.28,2.322,-0.2
0.29,2.327,-0.03
0.3,2.332,0.17
0.31,2.337,0.32
0.32,2.342,0.37
0.33,2.346,0.41
0.34,2.352,0.49
0.35,2.357,0.59
0.36,2.362,0.6
0.37,2.367,0.66
0.38,2.372,0.92
0.39,2.377,1.17
0.4,2.382,1.2
0.41,2.387,1.13
0.42,2.393,1.18
0.43,2.397,1.34
0.44,2.402,1.4
0.45,2.407,1.4
0.46,2.413,1.5
0.47,2.417,1.69
0.48,2.422,1.89
0.49,2.427,1.97
0.5,2.432,1.95
0.51,2.437,2.01
0.52,2.442,2.16
0.53,2.447,2.24
0.54,2.452,2.25
0.55,2.457,2.3
0.56,2.463,2.44
0.57,2.467,2.63
0.58,2.472,2.76
0.59,2.477,2.81
0.6,2.482,2.82
0.61,2.487,2.86
0.62,2.492,2.94
0.63,2.497,3.01
0.64,2.502,3.07
0.65,2.507,3.17
0.66,2.512,3.39
0.67,2.517,3.6
0.68,2.522,3.72
0.69,2.526,3.74
0.7,2.532,3.71
0.71,2.538,3.72
0.72,2.542,3.78
0.73,2.547,3.9
0.74,2.552,3.97
0.75,2.557,4.02
0.76,2.562,4.2
0.77,2.567,4.47
0.78,2.572,4.69
0.79,2.577,4.81
0.8,2.582,4.88
0.81,2.587,4.93
0.82,2.592,4.97
0.83,2.597,5.01
0.84,2.602,5.04
0.85,2.608,5.09
0.86,2.613,5.22
0.87,2.617,5.42
0.88,2.622,5.61
0.89,2.627,5.68
0.9,2.632,5.74
0.91,2.637,5.83
0.92,2.642,5.97
0.93,2.646,6.07
0.94,2.653,6.13
0.95,2.657,6.2
0.96,2.662,6.36
0.97,2.667,6.55
0.98,2.672,6.69
0.99,2.677,6.75
1,2.683,6.81
1.01,2.687,6.92
1.02,2.691,7.07
1.03,2.691,7.16
1.04,2.692,7.11
1.05,2.694,7.01
1.06,2.696,7.02
1.07,2.698,7.1
1.08,2.7,7.12
1.09,2.704,7.09
1.1,2.708,7.1
1.11,2.712,7.19
1.12,2.716,7.35
1.13,2.722,7.51
1.14,2.727,7.64
1.15,2.734,7.82
1.16,2.74,8.06
1.17,2.747,8.28
1.18,2.754,8.45
1.19,2.762,8.6
1.2,2.77,8.84
1.21,2.779,9.17
1.22,2.788,9.52
1.23,2.798,9.81
1.24,2.807,10.06
1.25,2.818,10.31
1.26,2.829,10.63
1.27,2.839,10.96
1.28,2.85,11.29
1.29,2.862,11.64
1.3,2.874,12.05
1.31,2.886,12.49
1.32,2.899,12.91
1.33,2.911,13.28
1.34,2.925,13.64
1.35,2.938,14.03
1.36,2.952,14.44
1.37,2.966,14.82
1.38,2.98,15.2
1.39,2.995,15.6
1.4,3.009,16.08
1.41,3.024,16.6
1.42,3.038,17.12
1.43,3.053,17.6
1.44,3.069,18.04
1.45,3.084,18.44
1.46,3.099,18.85
1.47,3.115,19.3
1.48,3.13,19.78
1.49,3.146,20.28
1.5,3.161,20.81
1.51,3.177,21.36
1.52,3.193,21.87
1.53,3.208,22.31
1.54,3.224,22.71
1.55,3.239,23.12
1.56,3.255,23.58
1.57,3.27,24.06
1.58,3.286,24.51
1.59,3.301,24.91
1.6,3.317,25.33
1.61,3.331,25.78
1.62,3.346,26.25
1.63,3.361,26.68
1.64,3.376,27.1
1.65,3.39,27.53
1.66,3.404,27.94
1.67,3.419,28.27
1.68,3.433,28.57
1.69,3.446,28.89
1.7,3.46,29.23
1.71,3.472,29.56
1.72,3.486,29.84
1.73,3.499,30.04
1.74,3.51,30.26
1.75,3.522,30.53
1.76,3.534,30.8
1.77,3.545,31.04
1.78,3.556,31.25
1.79,3.566,31.44
1.8,3.577,31.61
1.81,3.587,31.75
1.82,3.596,31.91
1.83,3.604,32.05
1.84,3.613,32.18
1.85,3.622,32.31
1.86,3.63,32.43
1.87,3.637,32.51
1.88,3.643,32.56
1.89,3.649,32.56
1.9,3.656,32.56
1.91,3.662,32.59
1.92,3.667,32.59
1.93,3.671,32.53
1.94,3.676,32.48
1.95,3.679,32.43
1.96,3.683,32.36
1.97,3.684,32.24
1.98,3.687,32.04
1.99,3.689,31.86
2,3.691,31.72
2.01,3.691,31.59
2.02,3.691,31.4
2.03,3.691,31.2
2.04,3.69,31
2.05,3.689,30.76
2.06,3.687,30.44
2.07,3.686,30.08
2.08,3.683,29.71
2.09,3.68,29.34
2.1,3.676,28.98
2.11,3.672,28.61
2.12,3.668,28.2
2.13,3.663,27.76
2.14,3.658,27.3
2.15,3.652,26.83
2.16,3.645,26.32
2.17,3.639,25.77
2.18,3.63,25.21
2.19,3.623,24.64
2.2,3.615,24.03
2.21,3.606,23.38
2.22,3.598,22.76
2.23,3.588,22.16
2.24,3.578,21.6
2.25,3.568,21.03
2.26,3.557,20.43
2.27,3.546,19.78
2.28,3.534,19.11
2.29,3.523,18.43
2.3,3.512,17.78
2.31,3.499,17.18
2.32,3.486,16.62
2.33,3.473,16.04
2.34,3.46,15.43
2.35,3.446,14.85
2.36,3.433,14.29
2.37,3.419,13.73
2.38,3.404,13.18
2.39,3.391,12.63
2.4,3.375,12.12
2.41,3.361,11.57
2.42,3.346,11.02
2.43,3.331,10.51
2.44,3.316,10.06
2.45,3.301,9.64
2.46,3.285,9.22
2.47,3.269,8.81
2.48,3.253,8.4
2.49,3.238,7.97
2.5,3.222,7.53
2.51,3.207,7.13
2.52,3.191,6.77
2.53,3.175,6.44
2.54,3.159,6.1
2.55,3.144,5.79
2.56,3.128,5.48
2.57,3.112,5.17
2.58,3.097,4.87
2.59,3.081,4.55
2.6,3.066,4.29
2.61,3.051,4.04
2.62,3.036,3.79
2.63,3.021,3.55
2.64,3.006,3.33
2.65,2.992,3.11
2.66,2.977,2.9
2.67,2.963,2.69
2.68,2.949,2.47
2.69,2.935,2.3
2.7,2.922,2.13
2.71,2.909,1.97
2.72,2.896,1.82
2.73,2.884,1.67
2.74,2.871,1.51
2.75,2.86,1.34
2.76,2.848,1.17
2.77,2.836,1.05
2.78,2.826,0.97
2.79,2.815,0.88
2.8,2.805,0.79
2.81,2.795,0.7
2.82,2.785,0.6
2.83,2.777,0.5
2.84,2.768,0.4
2.85,2.759,0.33
2.86,2.752,0.26
2.87,2.745,0.19
2.88,2.738,0.14
2.89,2.732,0.08
2.9,2.726,0.02
2.91,2.72,0
2.92,2.715,-0.02
2.93,2.711,-0.02
2.94,2.707,-0.04
2.95,2.703,-0.08
2.96,2.7,-0.11
2.97,2.697,-0.13
2.98,2.696,-0.12
2.99,2.693,-0.1
3,2.692,-0.06
3.01,2.691,-0.02
3.02,2.691,0.01
3.03,2.692,0
3.04,2.692,0
3.05,2.693,0.03
3.06,2.695,0.11
3.07,2.698,0.21
3.08,2.7,0.29
3.09,2.703,0.38
3.1,2.707,0.45
3.11,2.711,0.5
3.12,2.716,0.57
3.13,2.721,0.66
3.14,2.727,0.79
3.15,2.732,0.93
3.16,2.74,1.08
3.17,2.745,1.19
3.18,2.754,1.31
3.19,2.761,1.46
3.2,2.769,1.61
3.21,2.779,1.78
3.22,2.787,1.95
3.23,2.796,2.13
3.24,2.807,2.3
3.25,2.817,2.46
3.26,2.827,2.66
3.27,2.838,2.87
3.28,2.849,3.1
3.29,2.861,3.33
3.3,2.873,3.55
3.31,2.885,3.78
3.32,2.898,4.03
3.33,2.911,4.26
3.34,2.925,4.52
3.35,2.937,4.82
3.36,2.952,5.13
3.37,2.965,5.43
3.38,2.979,5.7
3.39,2.993,5.99
3.4,3.008,6.32
3.41,3.023,6.65
3.42,3.038,6.99
3.43,3.053,7.37
3.44,3.068,7.76
3.45,3.083,8.13
3.46,3.099,8.48
3.47,3.114,8.84
3.48,3.13,9.25
3.49,3.145,9.69
3.5,3.161,10.12
3.51,3.177,10.55
3.52,3.192,10.99
3.53,3.207,11.43
3.54,3.223,11.88
3.55,3.239,12.34
3.56,3.255,12.81
3.57,3.27,13.3
3.58,3.286,13.79
3.59,3.301,14.29
3.6,3.316,14.81
3.61,3.331,15.32
3.62,3.346,15.85
3.63,3.361,16.37
3.64,3.376,16.89
3.65,3.391,17.41
3.66,3.404,17.94
3.67,3.418,18.47
3.68,3.432,19.02
3.69,3.445,19.56
3.7,3.459,20.1
3.71,3.472,20.63
3.72,3.486,21.16
3.73,3.498,21.68
3.74,3.51,22.19
3.75,3.522,22.7
3.76,3.533,23.2
3.77,3.544,23.69
3.78,3.556,24.15
3.79,3.566,24.61
3.8,3.577,25.06
3.81,3.586,25.49
3.82,3.595,25.92
3.83,3.604,26.35
3.84,3.613,26.76
3.85,3.621,27.1
3.86,3.629,27.4
3.87,3.637,27.7
3.88,3.644,28.01
3.89,3.65,28.26
3.9,3.656,28.5
3.91,3.661,28.75
3.92,3.666,28.86
3.93,3.671,28.88
3.94,3.676,29.02
3.95,3.679,29.2
3.96,3.682,29.28
3.97,3.685,29.29
3.98,3.687,29.31
3.99,3.688,29.28
4,3.69,29.16
4.01,3.691,28.99
4.02,3.692,28.86
4.03,3.692,28.77
4.04,3.69,28.66
4.05,3.688,28.49
4.06,3.687,28.21
4.07,3.686,27.89
4.08,3.683,27.61
4.09,3.68,27.33
4.1,3.677,27.02
4.11,3.673,26.66
4.12,3.668,26.28
4.13,3.663,25.86
4.14,3.657,25.44
4.15,3.652,24.99
4.16,3.645,24.49
4.17,3.638,23.99
4.18,3.631,23.48
4.19,3.623,22.89
4.2,3.615,22.27
4.21,3.606,21.71
4.22,3.597,21.17
4.23,3.588,20.65
4.24,3.578,20.11
4.25,3.567,19.52
4.26,3.557,18.85
4.27,3.547,18.14
4.28,3.535,17.52
4.29,3.523,17
4.3,3.51,16.52
4.31,3.498,15.94
4.32,3.486,15.27
4.33,3.474,14.64
4.34,3.461,14.11
4.35,3.447,13.6
4.36,3.433,13.02
4.37,3.419,12.44
4.38,3.404,11.95
4.39,3.39,11.47
4.4,3.376,10.95
4.41,3.361,10.43
4.42,3.347,10
4.43,3.331,9.61
4.44,3.316,9.17
4.45,3.3,8.65
4.46,3.284,8.12
4.47,3.269,7.68
4.48,3.253,7.34
4.49,3.238,7
4.5,3.223,6.69
4.51,3.206,6.4
4.52,3.191,6.07
4.53,3.175,5.7
4.54,3.16,5.29
4.55,3.144,4.91
4.56,3.128,4.57
4.57,3.112,4.31
4.58,3.097,4.12
4.59,3.081,3.93
4.6,3.066,3.69
4.61,3.05,3.4
4.62,3.036,3.11
4.63,3.021,2.86
4.64,3.006,2.66
4.65,2.991,2.47
4.66,2.977,2.28
4.67,2.963,2.08
4.68,2.949,1.92
4.69,2.935,1.75
4.7,2.922,1.57
4.71,2.909,1.37
4.72,2.896,1.24
4.73,2.884,1.11
4.74,2.871,0.97
4.75,2.859,0.81
4.76,2.848,0.67
4.77,2.836,0.58
4.78,2.826,0.5
4.79,2.814,0.43
4.8,2.805,0.34
4.81,2.795,0.18
4.82,2.786,0.02
4.83,2.777,-0.07
4.84,2.768,-0.13
4.85,2.76,-0.18
4.86,2.753,-0.18
4.87,2.745,-0.17
4.88,2.738,-0.19
4.89,2.732,-0.3
4.9,2.726,-0.43
4.91,2.72,-0.54
4.92,2.716,-0.6
4.93,2.711,-0.59
4.94,2.707,-0.53
4.95,2.703,-0.51
4.96,2.7,-0.5
4.97,2.697,-0.47
4.98,2.695,-0.47
4.99,2.693,-0.53
5,2.692,-0.59
5.01,2.692,-0.59
5.02,2.691,-0.55
5.03,2.692,-0.49
5.04,2.693,-0.43
5.05,2.694,-0.37
5.06,2.695,-0.27
5.07,2.697,-0.19
5.08,2.7,-0.15
5.09,2.703,-0.13
5.1,2.707,-0.11
5.11,2.711,-0.08
5.12,2.716,0.02
5.13,2.721,0.18
5.14,2.727,0.34
5.15,2.733,0.5
5.16,2.739,0.67
5.17,2.746,0.79
5.18,2.753,0.85
5.19,2.761,0.89
5.2,2.769,0.97
5.21,2.778,1.12
5.22,2.787,1.31
5.23,2.797,1.53
5.24,2.807,1.77
5.25,2.817,1.98
5.26,2.828,2.14
5.27,2.838,2.27
5.28,2.85,2.43
5.29,2.861,2.59
5.3,2.873,2.78
5.31,2.885,3.01
5.32,2.898,3.31
5.33,2.911,3.6
5.34,2.924,3.84
5.35,2.938,4.07
5.36,2.952,4.32
5.37,2.966,4.59
5.38,2.979,4.86
5.39,2.994,5.12
5.4,3.008,5.4
5.41,3.023,5.71
5.42,3.038,6.04
5.43,3.053,6.39
5.44,3.069,6.74
5.45,3.083,7.11
5.46,3.099,7.48
5.47,3.114,7.84
5.48,3.13,8.19
5.49,3.144,8.54
5.5,3.161,8.89
5.51,3.177,9.29
5.52,3.192,9.76
5.53,3.208,10.23
5.54,3.223,10.67
5.55,3.239,11.07
5.56,3.255,11.49
5.57,3.27,11.93
5.58,3.285,12.38
5.59,3.301,12.86
5.6,3.316,13.34
5.61,3.331,13.88
5.62,3.346,14.43
5.63,3.361,14.92
5.64,3.375,15.37
5.65,3.39,15.83
5.66,3.404,16.33
5.67,3.418,16.85
5.68,3.432,17.39
5.69,3.446,17.91
5.7,3.459,18.45
5.71,3.473,18.97
5.72,3.485,19.46
5.73,3.497,19.96
5.74,3.51,20.48
5.75,3.522,20.99
5.76,3.533,21.5
5.77,3.544,21.99
5.78,3.556,22.45
5.79,3.566,22.9
5.8,3.576,23.32
5.81,3.586,23.77
5.82,3.596,24.22
5.83,3.604,24.64
5.84,3.613,25.04
5.85,3.621,25.36
5.86,3.629,25.7
5.87,3.637,26.06
5.88,3.644,26.37
5.89,3.65,26.62
5.9,3.657,26.89
5.91,3.661,27.17
5.92,3.666,27.39
5.93,3.671,27.52
5.94,3.675,27.61
5.95,3.679,27.72
5.96,3.682,27.83
5.97,3.686,27.92
5.98,3.688,28
5.99,3.689,28.04
6,3.69,27.99
6.01,3.691,27.89
6.02,3.691,27.76
6.03,3.691,27.6
6.04,3.69,27.41
6.05,3.689,27.26
6.06,3.687,27.13
6.07,3.685,26.92
6.08,3.683,26.65
6.09,3.68,26.36
6.1,3.676,26.09
6.11,3.672,25.75
6.12,3.668,25.33
6.13,3.662,24.82
6.14,3.657,24.35
6.15,3.652,23.96
6.16,3.645,23.54
6.17,3.638,23.08
6.18,3.631,22.62
6.19,3.622,22.11
6.2,3.615,21.48
6.21,3.606,20.81
6.22,3.597,20.25
6.23,3.588,19.76
6.24,3.578,19.29
6.25,3.568,18.79
6.26,3.557,18.2
6.27,3.546,17.52
6.28,3.534,16.87
6.29,3.523,16.25
6.3,3.511,15.68
6.31,3.499,15.15
6.32,3.486,14.63
6.33,3.473,14.06
6.34,3.46,13.48
6.35,3.446,12.92
6.36,3.434,12.4
6.37,3.418,11.9
6.38,3.405,11.41
6.39,3.39,10.92
6.4,3.375,10.41
6.41,3.361,9.88
6.42,3.346,9.4
6.43,3.331,8.96
6.44,3.316,8.58
6.45,3.3,8.23
6.46,3.284,7.84
6.47,3.269,7.39
6.48,3.253,6.92
6.49,3.238,6.48
6.5,3.222,6.13
6.51,3.207,5.85
6.52,3.191,5.6
6.53,3.175,5.34
6.54,3.16,5.04
6.55,3.143,4.67
6.56,3.128,4.27
6.57,3.112,3.92
6.58,3.097,3.67
6.59,3.082,3.48
6.6,3.066,3.31
6.61,3.051,3.12
6.62,3.036,2.89
6.63,3.021,2.61
6.64,3.006,2.33
6.65,2.991,2.09
6.66,2.977,1.92
6.67,2.963,1.79
6.68,2.95,1.66
6.69,2.936,1.5
6.7,2.922,1.34
6.71,2.909,1.14
6.72,2.896,0.95
6.73,2.884,0.82
6.74,2.871,0.71
6.75,2.86,0.6
6.76,2.848,0.48
6.77,2.836,0.33
6.78,2.826,0.2
6.79,2.815,0.12
6.8,2.805,0.09
6.81,2.795,0.02
6.82,2.786,-0.08
6.83,2.776,-0.22
6.84,2.768,-0.37
6.85,2.76,-0.47
6.86,2.753,-0.54
6.87,2.745,-0.54
6.88,2.739,-0.5
6.89,2.732,-0.48
6.9,2.726,-0.51
6.91,2.721,-0.63
6.92,2.715,-0.76
6.93,2.711,-0.84
6.94,2.707,-0.83
6.95,2.703,-0.79
6.96,2.7,-0.72
6.97,2.697,-0.69
6.98,2.695,-0.69
6.99,2.693,-0.73
7,2.692,-0.79
7.01,2.692,-0.82
7.02,2.692,-0.81
7.03,2.693,-0.73
7.04,2.693,-0.63
7.05,2.694,-0.54
7.06,2.696,-0.49
7.07,2.698,-0.45
7.08,2.701,-0.4
7.09,2.704,-0.34
7.1,2.707,-0.31
7.11,2.712,-0.27
7.12,2.716,-0.21
7.13,2.722,-0.08
7.14,2.727,0.09
7.15,2.733,0.26
7.16,2.739,0.37
7.17,2.746,0.49
7.18,2.754,0.6
7.19,2.761,0.68
7.2,2.77,0.73
7.21,2.779,0.84
7.22,2.788,1.01
7.23,2.798,1.24
7.24,2.807,1.47
7.25,2.817,1.67
7.26,2.828,1.85
7.27,2.839,2
7.28,2.85,2.14
7.29,2.861,2.27
7.3,2.874,2.42
7.31,2.886,2.63
7.32,2.899,2.91
7.33,2.912,3.2
7.34,2.925,3.48
7.35,2.937,3.72
7.36,2.951,3.92
7.37,2.965,4.15
7.38,2.98,4.4
7.39,2.994,4.67
7.4,3.008,4.94
7.41,3.024,5.26
7.42,3.038,5.65
7.43,3.053,6
7.44,3.069,6.28
7.45,3.083,6.55
7.46,3.099,6.84
7.47,3.115,7.18
7.48,3.13,7.58
7.49,3.145,7.99
7.5,3.161,8.39
7.51,3.177,8.8
7.52,3.193,9.2
7.53,3.208,9.57
7.54,3.223,9.94
7.55,3.239,10.36
7.56,3.254,10.81
7.57,3.27,11.27
7.58,3.286,11.73
7.59,3.301,12.19
7.6,3.316,12.65
7.61,3.331,13.12
7.62,3.346,13.63
7.63,3.361,14.12
7.64,3.376,14.57
7.65,3.39,15.02
7.66,3.405,15.5
7.67,3.419,16.02
7.68,3.432,16.58
7.69,3.446,17.13
7.7,3.459,17.67
7.71,3.472,18.17
7.72,3.485,18.63
7.73,3.497,19.06
7.74,3.51,19.48
7.75,3.521,19.97
7.76,3.534,20.52
7.77,3.545,21.1
7.78,3.556,21.62
7.79,3.566,22.09
7.8,3.575,22.47
7.81,3.585,22.83
7.82,3.595,23.21
7.83,3.605,23.63
7.84,3.613,24.08
7.85,3.621,24.49
7.86,3.629,24.87
7.87,3.636,25.21
7.88,3.643,25.49
7.89,3.65,25.74
7.9,3.656,25.97
7.91,3.661,26.21
7.92,3.667,26.46
7.93,3.671,26.66
7.94,3.675,26.81
7.95,3.679,26.94
7.96,3.683,27.06
7.97,3.686,27.18
7.98,3.687,27.22
7.99,3.688,27.18
8,3.69,27.12
8.01,3.691,27.06
8.02,3.691,26.98
8.03,3.691,26.89
8.04,3.69,26.81
8.05,3.688,26.71
8.06,3.687,26.54
8.07,3.685,26.27
8.08,3.682,25.94
8.09,3.68,25.61
8.1,3.676,25.28
8.11,3.672,24.97
8.12,3.668,24.67
8.13,3.663,24.38
8.14,3.657,24.03
8.15,3.652,23.53
8.16,3.645,22.96
8.17,3.638,22.39
8.18,3.63,21.87
8.19,3.622,21.41
8.2,3.615,20.93
8.21,3.607,20.42
8.22,3.598,19.91
8.23,3.587,19.37
8.24,3.577,18.78
8.25,3.568,18.16
8.26,3.557,17.55
8.27,3.546,16.95
8.28,3.535,16.36
8.29,3.523,15.76
8.3,3.512,15.2
8.31,3.498,14.69
8.32,3.486,14.23
8.33,3.473,13.75
8.34,3.46,13.21
8.35,3.447,12.6
8.36,3.433,11.97
8.37,3.419,11.37
8.38,3.405,10.83
8.39,3.391,10.4
8.4,3.376,10.04
8.41,3.361,9.7
8.42,3.346,9.29
8.43,3.331,8.8
8.44,3.315,8.28
8.45,3.3,7.75
8.46,3.285,7.27
8.47,3.269,6.89
8.48,3.254,6.6
8.49,3.238,6.34
8.5,3.222,6.06
8.51,3.206,5.71
8.52,3.191,5.34
8.53,3.175,4.97
8.54,3.16,4.62
8.55,3.144,4.32
8.56,3.128,4.03
8.57,3.112,3.78
8.58,3.097,3.55
8.59,3.081,3.32
8.6,3.066,3.08
8.61,3.051,2.85
8.62,3.036,2.64
8.63,3.021,2.4
8.64,3.007,2.14
8.65,2.992,1.89
8.66,2.977,1.72
8.67,2.963,1.59
8.68,2.95,1.49
8.69,2.936,1.36
8.7,2.922,1.2
8.71,2.909,1
8.72,2.896,0.79
8.73,2.884,0.58
8.74,2.871,0.43
8.75,2.86,0.34
8.76,2.849,0.31
8.77,2.837,0.28
8.78,2.826,0.21
8.79,2.816,0.08
8.8,2.805,-0.08
8.81,2.795,-0.24
8.82,2.787,-0.4
8.83,2.777,-0.51
8.84,2.769,-0.53
8.85,2.761,-0.49
8.86,2.753,-0.46
8.87,2.745,-0.49
8.88,2.739,-0.57
8.89,2.732,-0.69
8.9,2.726,-0.85
8.91,2.721,-0.97
8.92,2.716,-1.01
8.93,2.712,-0.97
8.94,2.707,-0.9
8.95,2.704,-0.85
8.96,2.701,-0.82
8.97,2.698,-0.84
8.98,2.695,-0.89
8.99,2.694,-0.95
9,2.692,-0.99
9.01,2.692,-0.99
9.02,2.692,-0.97
9.03,2.693,-0.91
9.04,2.693,-0.81
9.05,2.694,-0.7
9.06,2.696,-0.63
9.07,2.699,-0.59
9.08,2.701,-0.56
9.09,2.704,-0.55
9.1,2.708,-0.52
9.11,2.712,-0.46
9.12,2.717,-0.34
9.13,2.722,-0.21
9.14,2.727,-0.04
9.15,2.733,0.11
9.16,2.739,0.22
9.17,2.747,0.28
9.18,2.754,0.32
9.19,2.761,0.4
9.2,2.769,0.55
9.21,2.779,0.74
9.22,2.788,0.95
9.23,2.797,1.14
9.24,2.807,1.3
9.25,2.817,1.42
9.26,2.828,1.51
9.27,2.839,1.63
9.28,2.85,1.82
9.29,2.862,2.07
9.3,2.874,2.33
9.31,2.886,2.56
9.32,2.898,2.78
9.33,2.911,2.97
9.34,2.924,3.16
9.35,2.938,3.36
9.36,2.952,3.58
9.37,2.966,3.84
9.38,2.98,4.11
9.39,2.994,4.39
9.4,3.009,4.68
9.41,3.024,4.99
9.42,3.037,5.31
9.43,3.054,5.62
9.44,3.069,5.91
9.45,3.084,6.23
9.46,3.099,6.54
9.47,3.115,6.85
9.48,3.13,7.19
9.49,3.146,7.58
9.5,3.161,7.99
9.51,3.177,8.38
9.52,3.192,8.77
9.53,3.208,9.15
9.54,3.224,9.51
9.55,3.239,9.89
9.56,3.255,10.34
9.57,3.27,10.85
9.58,3.285,11.31
9.59,3.301,11.75
9.6,3.316,12.18
9.61,3.332,12.63
9.62,3.346,13.05
9.63,3.361,13.48
9.64,3.376,13.97
9.65,3.39,14.53
9.66,3.403,15.11
9.67,3.418,15.64
9.68,3.432,16.09
9.69,3.446,16.53
9.7,3.459,16.99
9.71,3.472,17.49
9.72,3.485,17.97
9.73,3.497,18.45
9.74,3.51,18.96
9.75,3.522,19.52
9.76,3.534,20.04
9.77,3.544,20.51
9.78,3.556,20.96
9.79,3.566,21.4
9.8,3.576,21.83
9.81,3.586,22.23
9.82,3.595,22.6
9.83,3.605,22.99
9.84,3.613,23.42
9.85,3.622,23.89
9.86,3.629,24.32
9.87,3.636,24.65
9.88,3.643,24.91
9.89,3.65,25.15
9.9,3.656,25.36
9.91,3.661,25.58
9.92,3.666,25.8
9.93,3.671,26.02
9.94,3.674,26.25
9.95,3.679,26.46
9.96,3.682,26.57
9.97,3.685,26.62
9.98,3.687,26.6
9.99,3.689,26.6
10,3.69,26.6
10.01,3.69,26.56
10.02,3.691,26.46
10.03,3.69,26.39
10.04,3.69,26.32
10.05,3.688,26.18
10.06,3.688,25.99
10.07,3.685,25.78
10.08,3.683,25.53
10.09,3.68,25.2
10.1,3.677,24.86
10.11,3.672,24.57
10.12,3.667,24.24
10.13,3.663,23.87
10.14,3.657,23.47
10.15,3.651,23.06
10.16,3.644,22.59
10.17,3.638,22.06
10.18,3.63,21.5
10.19,3.623,20.99
10.2,3.615,20.52
10.21,3.606,20.04
10.22,3.597,19.52
10.23,3.588,18.93
10.24,3.577,18.36
10.25,3.567,17.82
10.26,3.557,17.22
10.27,3.546,16.59
10.28,3.535,16
10.29,3.523,15.46
10.3,3.51,14.94
10.31,3.499,14.4
10.32,3.486,13.85
10.33,3.474,13.33
10.34,3.46,12.81
10.35,3.447,12.28
10.36,3.433,11.73
10.37,3.419,11.19
10.38,3.405,10.67
10.39,3.391,10.19
10.4,3.376,9.76
10.41,3.361,9.32
10.42,3.346,8.9
10.43,3.331,8.45
10.44,3.316,8.03
10.45,3.3,7.61
10.46,3.285,7.19
10.47,3.269,6.78
10.48,3.254,6.39
10.49,3.238,6.05
10.5,3.222,5.75
10.51,3.207,5.42
10.52,3.191,5.09
10.53,3.175,4.78
10.54,3.16,4.51
10.55,3.144,4.23
10.56,3.128,3.92
10.57,3.113,3.62
10.58,3.097,3.36
10.59,3.081,3.12
10.6,3.066,2.87
10.61,3.051,2.62
10.62,3.036,2.42
10.63,3.021,2.24
10.64,3.006,2.06
10.65,2.992,1.86
10.66,2.978,1.67
10.67,2.963,1.48
10.68,2.95,1.29
10.69,2.936,1.12
10.7,2.922,0.96
10.71,2.909,0.82
10.72,2.896,0.69
10.73,2.884,0.56
10.74,2.871,0.43
10.75,2.86,0.31
10.76,2.848,0.19
10.77,2.837,0.09
10.78,2.826,-0.02
10.79,2.815,-0.14
10.8,2.806,-0.24
10.81,2.796,-0.34
10.82,2.786,-0.4
10.83,2.777,-0.47
10.84,2.769,-0.53
10.85,2.76,-0.6
10.86,2.753,-0.66
10.87,2.746,-0.74
10.88,2.739,-0.82
10.89,2.733,-0.87
10.9,2.727,-0.91
10.91,2.721,-0.95
10.92,2.716,-0.97
10.93,2.711,-1
10.94,2.707,-1.01
10.95,2.704,-1.05
10.96,2.7,-1.07
10.97,2.697,-1.07
10.98,2.696,-1.07
10.99,2.694,-1.05
11,2.693,-1.03
11.01,2.692,-1.01
11.02,2.692,-0.98
11.03,2.692,-0.95
11.04,2.693,-0.93
11.05,2.695,-0.91
11.06,2.696,-0.86
11.07,2.699,-0.8
11.08,2.701,-0.72
11.09,2.705,-0.63
11.1,2.708,-0.53
11.11,2.712,-0.45
11.12,2.717,-0.38
11.13,2.721,-0.31
11.14,2.727,-0.25
11.15,2.734,-0.14
11.16,2.74,-0.01
11.17,2.747,0.13
11.18,2.754,0.27
11.19,2.762,0.41
11.2,2.77,0.56
11.21,2.779,0.68
11.22,2.787,0.79
11.23,2.797,0.9
11.24,2.807,1.03
11.25,2.817,1.17
11.26,2.828,1.34
11.27,2.839,1.54
11.28,2.85,1.75
11.29,2.862,1.98
11.3,2.874,2.21
11.31,2.885,2.41
11.32,2.898,2.59
11.33,2.911,2.73
11.34,2.925,2.9
11.35,2.939,3.1
11.36,2.952,3.36
11.37,2.965,3.67
11.38,2.98,3.97
11.39,2.994,4.26
11.4,3.008,4.53
11.41,3.023,4.78
11.42,3.038,5.03
11.43,3.054,5.29
11.44,3.069,5.59
11.45,3.084,5.94
11.46,3.099,6.3
11.47,3.114,6.65
11.48,3.13,6.99
11.49,3.146,7.35
11.5,3.162,7.71
11.51,3.177,8.08
11.52,3.192,8.46
11.53,3.208,8.84
11.54,3.223,9.19
11.55,3.239,9.54
11.56,3.255,9.96
11.57,3.27,10.44
11.58,3.285,10.93
11.59,3.301,11.43
11.6,3.316,11.93
11.61,3.331,12.36
11.62,3.346,12.73
11.63,3.361,13.1
11.64,3.375,13.56
11.65,3.39,14.08
11.66,3.405,14.63
11.67,3.418,15.2
11.68,3.432,15.71
11.69,3.446,16.17
11.7,3.459,16.61
11.71,3.472,17.05
11.72,3.485,17.52
11.73,3.498,18.04
11.74,3.51,18.56
11.75,3.521,19.07
11.76,3.533,19.55
11.77,3.544,20.01
11.78,3.555,20.46
11.79,3.566,20.91
11.8,3.576,21.38
11.81,3.586,21.86
11.82,3.595,22.28
11.83,3.605,22.62
11.84,3.613,22.93
11.85,3.621,23.3
11.86,3.629,23.71
11.87,3.636,24.12
11.88,3.643,24.48
11.89,3.65,24.8
11.9,3.655,25.03
11.91,3.661,25.19
11.92,3.666,25.33
11.93,3.671,25.51
11.94,3.675,25.77
11.95,3.679,26.01
11.96,3.682,26.15
11.97,3.685,26.21
11.98,3.687,26.22
11.99,3.689,26.19
12,3.69,26.15
12.01,3.69,26.11
12.02,3.691,26.09
12.03,3.691,26.06
12.04,3.69,25.96
12.05,3.688,25.8
12.06,3.687,25.57
12.07,3.685,25.35
12.08,3.682,25.1
12.09,3.68,24.83
12.1,3.676,24.56
12.11,3.673,24.26
12.12,3.667,23.9
12.13,3.662,23.48
12.14,3.657,23.07
12.15,3.651,22.68
12.16,3.644,22.28
12.17,3.638,21.81
12.18,3.63,21.28
12.19,3.623,20.72
12.2,3.615,20.16
12.21,3.606,19.61
12.22,3.597,19.1
12.23,3.588,18.61
12.24,3.578,18.13
12.25,3.567,17.6
12.26,3.556,17
12.27,3.546,16.37
12.28,3.534,15.75
12.29,3.522,15.16
12.3,3.511,14.62
12.31,3.499,14.12
12.32,3.486,13.63
12.33,3.473,13.13
12.34,3.459,12.6
12.35,3.446,12.04
12.36,3.433,11.48
12.37,3.419,10.95
12.38,3.404,10.45
12.39,3.39,9.99
12.4,3.376,9.55
12.41,3.361,9.13
12.42,3.345,8.71
12.43,3.331,8.29
12.44,3.315,7.87
12.45,3.3,7.45
12.46,3.284,7.03
12.47,3.269,6.61
12.48,3.253,6.2
12.49,3.238,5.83
12.5,3.222,5.53
12.51,3.207,5.28
12.52,3.191,5.04
12.53,3.175,4.75
12.54,3.159,4.42
12.55,3.144,4.07
12.56,3.128,3.72
12.57,3.112,3.4
12.58,3.097,3.15
12.59,3.081,2.95
12.6,3.066,2.79
12.61,3.051,2.62
12.62,3.035,2.42
12.63,3.021,2.19
12.64,3.006,1.95
12.65,2.991,1.72
12.66,2.978,1.49
12.67,2.964,1.28
12.68,2.95,1.13
12.69,2.936,1.02
12.7,2.922,0.93
12.71,2.909,0.82
12.72,2.897,0.68
12.73,2.885,0.51
12.74,2.871,0.32
12.75,2.86,0.14
12.76,2.849,0
12.77,2.837,-0.07
12.78,2.826,-0.11
12.79,2.815,-0.14
12.8,2.805,-0.21
12.81,2.796,-0.31
12.82,2.787,-0.43
12.83,2.778,-0.59
12.84,2.769,-0.72
12.85,2.761,-0.81
12.86,2.753,-0.84
12.87,2.746,-0.84
12.88,2.739,-0.84
12.89,2.733,-0.86
12.9,2.726,-0.91
12.91,2.721,-0.97
12.92,2.716,-1.05
12.93,2.711,-1.11
12.94,2.707,-1.15
12.95,2.704,-1.18
12.96,2.7,-1.19
12.97,2.697,-1.15
12.98,2.696,-1.1
12.99,2.694,-1.07
13,2.693,-1.06
13.01,2.692,-1.09
13.02,2.692,-1.12
13.03,2.692,-1.13
13.04,2.693,-1.09
13.05,2.694,-1
13.06,2.696,-0.9
13.07,2.699,-0.79
13.08,2.701,-0.72
13.09,2.703,-0.69
13.1,2.707,-0.67
13.11,2.713,-0.64
13.12,2.716,-0.56
13.13,2.722,-0.43
13.14,2.727,-0.28
13.15,2.734,-0.14
13.16,2.74,-0.02
13.17,2.747,0.07
13.18,2.754,0.16
13.19,2.762,0.24
13.2,2.769,0.34
13.21,2.779,0.5
13.22,2.788,0.68
13.23,2.797,0.85
13.24,2.807,1
13.25,2.817,1.14
13.26,2.828,1.3
13.27,2.839,1.46
13.28,2.85,1.63
13.29,2.861,1.79
13.3,2.874,1.98
13.31,2.885,2.17
13.32,2.898,2.38
13.33,2.911,2.62
13.34,2.925,2.88
13.35,2.938,3.11
13.36,2.952,3.3
13.37,2.966,3.47
13.38,2.981,3.69
13.39,2.994,3.95
13.4,3.009,4.26
13.41,3.024,4.61
13.42,3.038,4.96
13.43,3.054,5.28
13.44,3.068,5.53
13.45,3.083,5.76
13.46,3.099,6.02
13.47,3.115,6.32
13.48,3.13,6.68
13.49,3.146,7.07
13.5,3.161,7.47
13.51,3.177,7.88
13.52,3.192,8.27
13.53,3.208,8.61
13.54,3.223,8.97
13.55,3.239,9.37
13.56,3.255,9.78
13.57,3.27,10.21
13.58,3.285,10.64
13.59,3.3,11.08
13.6,3.316,11.52
13.61,3.331,11.96
13.62,3.346,12.43
13.63,3.361,12.92
13.64,3.375,13.39
13.65,3.39,13.84
13.66,3.405,14.31
13.67,3.419,14.79
13.68,3.432,15.31
13.69,3.446,15.79
13.7,3.459,16.29
13.71,3.472,16.79
13.72,3.485,17.26
13.73,3.497,17.71
13.74,3.51,18.17
13.75,3.522,18.68
13.76,3.533,19.24
13.77,3.545,19.78
13.78,3.555,20.21
13.79,3.565,20.59
13.8,3.576,20.96
13.81,3.586,21.32
13.82,3.596,21.74
13.83,3.605,22.18
13.84,3.613,22.66
13.85,3.621,23.13
13.86,3.629,23.53
13.87,3.636,23.84
13.88,3.643,24.11
13.89,3.649,24.33
13.9,3.656,24.53
13.91,3.661,24.76
13.92,3.666,25
13.93,3.671,25.26
13.94,3.675,25.49
13.95,3.678,25.66
13.96,3.682,25.78
13.97,3.684,25.86
13.98,3.686,25.89
13.99,3.688,25.88
14,3.69,25.86
14.01,3.69,25.8
14.02,3.69,25.73
14.03,3.69,25.67
14.04,3.69,25.59
14.05,3.689,25.5
14.06,3.688,25.35
14.07,3.685,25.12
14.08,3.682,24.84
14.09,3.679,24.53
14.1,3.676,24.2
14.11,3.672,23.87
14.12,3.667,23.56
14.13,3.663,23.26
14.14,3.657,22.88
14.15,3.651,22.45
14.16,3.645,21.97
14.17,3.638,21.47
14.18,3.63,20.95
14.19,3.622,20.45
14.2,3.615,19.93
14.21,3.606,19.43
14.22,3.597,18.94
14.23,3.587,18.39
14.24,3.578,17.82
14.25,3.567,17.25
14.26,3.557,16.69
14.27,3.546,16.13
14.28,3.535,15.58
14.29,3.523,15.05
14.3,3.511,14.5
14.31,3.499,13.93
14.32,3.486,13.37
14.33,3.473,12.85
14.34,3.459,12.32
14.35,3.446,11.81
14.36,3.433,11.31
14.37,3.419,10.84
14.38,3.404,10.38
14.39,3.39,9.89
14.4,3.376,9.39
14.41,3.361,8.93
14.42,3.346,8.5
14.43,3.331,8.06
14.44,3.316,7.64
14.45,3.3,7.26
14.46,3.284,6.88
14.47,3.269,6.52
14.48,3.254,6.16
14.49,3.238,5.81
14.5,3.222,5.47
14.51,3.206,5.14
14.52,3.191,4.81
14.53,3.175,4.49
14.54,3.159,4.2
14.55,3.144,3.93
14.56,3.129,3.67
14.57,3.113,3.43
14.58,3.097,3.2
14.59,3.081,2.92
14.6,3.066,2.65
14.61,3.051,2.4
14.62,3.036,2.17
14.63,3.021,1.98
14.64,3.007,1.81
14.65,2.992,1.66
14.66,2.978,1.52
14.67,2.964,1.34
14.68,2.95,1.15
14.69,2.936,0.97
14.7,2.922,0.79
14.71,2.909,0.61
14.72,2.897,0.47
14.73,2.885,0.34
14.74,2.872,0.24
14.75,2.86,0.14
14.76,2.848,0.06
14.77,2.837,-0.01
14.78,2.826,-0.11
14.79,2.815,-0.24
14.8,2.805,-0.38
14.81,2.796,-0.51
14.82,2.786,-0.61
14.83,2.777,-0.68
14.84,2.769,-0.73
14.85,2.761,-0.76
14.86,2.752,-0.79
14.87,2.746,-0.83
14.88,2.739,-0.9
14.89,2.733,-1.01
14.9,2.727,-1.08
14.91,2.721,-1.13
14.92,2.716,-1.17
14.93,2.712,-1.17
14.94,2.707,-1.17
14.95,2.704,-1.17
14.96,2.701,-1.17
14.97,2.698,-1.19
14.98,2.696,-1.21
14.99,2.694,-1.22
15,2.693,-1.24
15.01,2.693,-1.23
15.02,2.692,-1.21
15.03,2.692,-1.14
15.04,2.693,-1.07
15.05,2.694,-1.01
15.06,2.696,-0.97
15.07,2.698,-0.92
15.08,2.701,-0.86
15.09,2.704,-0.82
15.1,2.708,-0.78
15.11,2.712,-0.69
15.12,2.717,-0.57
15.13,2.721,-0.45
15.14,2.727,-0.37
15.15,2.733,-0.27
15.16,2.739,-0.15
15.17,2.746,-0.05
15.18,2.754,0.04
15.19,2.761,0.16
15.2,2.77,0.31
15.21,2.778,0.48
15.22,2.788,0.63
15.23,2.797,0.77
15.24,2.807,0.91
15.25,2.817,1.03
15.26,2.828,1.14
15.27,2.838,1.29
15.28,2.85,1.47
15.29,2.861,1.69
15.3,2.874,1.92
15.31,2.886,2.13
15.32,2.898,2.33
15.33,2.911,2.53
15.34,2.924,2.7
15.35,2.938,2.88
15.36,2.952,3.07
15.37,2.966,3.33
15.38,2.98,3.62
15.39,2.994,3.93
15.4,3.009,4.23
15.41,3.024,4.5
15.42,3.038,4.75
15.43,3.053,5
15.44,3.068,5.24
15.45,3.083,5.52
15.46,3.099,5.84
15.47,3.114,6.2
15.48,3.13,6.58
15.49,3.145,6.97
15.5,3.161,7.35
15.51,3.177,7.73
15.52,3.192,8.08
15.53,3.207,8.4
15.54,3.223,8.71
15.55,3.239,9.05
15.56,3.255,9.45
15.57,3.271,9.93
15.58,3.286,10.45
15.59,3.301,10.96
15.6,3.316,11.42
15.61,3.331,11.82
15.62,3.346,12.2
15.63,3.361,12.58
15.64,3.375,13.01
15.65,3.389,13.5
15.66,3.405,14.03
15.67,3.419,14.57
15.68,3.432,15.1
15.69,3.446,15.59
15.7,3.459,16.06
15.71,3.472,16.52
15.72,3.485,16.98
15.73,3.498,17.44
15.74,3.51,17.91
15.75,3.522,18.36
15.76,3.533,18.83
15.77,3.544,19.32
15.78,3.555,19.84
15.79,3.566,20.33
15.8,3.575,20.8
15.81,3.586,21.21
15.82,3.595,21.58
15.83,3.604,21.92
15.84,3.613,22.26
15.85,3.621,22.64
15.86,3.629,23.09
15.87,3.636,23.49
15.88,3.643,23.84
15.89,3.65,24.11
15.9,3.655,24.33
15.91,3.661,24.51
15.92,3.666,24.7
15.93,3.67,24.92
15.94,3.675,25.15
15.95,3.678,25.33
15.96,3.681,25.45
15.97,3.684,25.52
15.98,3.686,25.57
15.99,3.688,25.6
16,3.69,25.62
16.01,3.69,25.6
16.02,3.691,25.54
16.03,3.69,25.44
16.04,3.689,25.28
16.05,3.689,25.1
16.06,3.687,24.95
16.07,3.686,24.81
16.08,3.683,24.64
16.09,3.679,24.38
16.1,3.676,24.04
16.11,3.671,23.66
16.12,3.667,23.28
16.13,3.663,22.9
16.14,3.657,22.55
16.15,3.652,22.2
16.16,3.644,21.8
16.17,3.637,21.31
16.18,3.63,20.78
16.19,3.622,20.22
16.2,3.614,19.68
16.21,3.606,19.17
16.22,3.597,18.65
16.23,3.588,18.14
16.24,3.578,17.62
16.25,3.567,17.09
16.26,3.557,16.56
16.27,3.546,16
16.28,3.535,15.43
16.29,3.523,14.85
16.3,3.51,14.29
16.31,3.498,13.71
16.32,3.485,13.14
16.33,3.472,12.6
16.34,3.46,12.12
16.35,3.446,11.7
16.36,3.433,11.24
16.37,3.418,10.77
16.38,3.404,10.26
16.39,3.39,9.73
16.4,3.375,9.21
16.41,3.361,8.71
16.42,3.346,8.27
16.43,3.331,7.89
16.44,3.316,7.55
16.45,3.3,7.19
16.46,3.284,6.84
16.47,3.269,6.47
16.48,3.254,6.07
16.49,3.238,5.66
16.5,3.222,5.27
16.51,3.206,4.94
16.52,3.191,4.64
16.53,3.175,4.38
16.54,3.159,4.14
16.55,3.144,3.91
16.56,3.128,3.65
16.57,3.112,3.38
16.58,3.097,3.07
16.59,3.08,2.77
16.6,3.066,2.5
16.61,3.051,2.28
16.62,3.035,2.09
16.63,3.021,1.93
16.64,3.007,1.79
16.65,2.992,1.63
16.66,2.978,1.45
16.67,2.963,1.25
16.68,2.95,1.05
16.69,2.936,0.85
16.7,2.922,0.68
16.71,2.909,0.53
16.72,2.896,0.41
16.73,2.884,0.33
16.74,2.872,0.25
16.75,2.86,0.15
16.76,2.849,0.02
16.77,2.836,-0.13
16.78,2.826,-0.3
16.79,2.816,-0.43
16.8,2.805,-0.5
16.81,2.796,-0.53
16.82,2.787,-0.54
16.83,2.778,-0.58
16.84,2.769,-0.65
16.85,2.761,-0.77
16.86,2.753,-0.92
16.87,2.746,-1.05
16.88,2.738,-1.13
16.89,2.732,-1.16
16.9,2.726,-1.14
16.91,2.721,-1.11
16.92,2.716,-1.08
16.93,2.711,-1.1
16.94,2.707,-1.16
16.95,2.704,-1.24
16.96,2.701,-1.31
16.97,2.698,-1.36
16.98,2.696,-1.37
16.99,2.694,-1.34
17,2.693,-1.29
17.01,2.692,-1.22
17.02,2.692,-1.16
17.03,2.692,-1.11
17.04,2.693,-1.08
17.05,2.694,-1.08
17.06,2.696,-1.08
17.07,2.699,-1.08
17.08,2.701,-1.04
17.09,2.704,-0.93
17.1,2.708,-0.79
17.11,2.712,-0.67
17.12,2.716,-0.56
17.13,2.721,-0.48
17.14,2.727,-0.41
17.15,2.733,-0.36
17.16,2.74,-0.28
17.17,2.747,-0.16
17.18,2.754,-0.02
17.19,2.762,0.13
17.2,2.77,0.28
17.21,2.778,0.43
17.22,2.787,0.56
17.23,2.797,0.67
17.24,2.807,0.79
17.25,2.817,0.92
17.26,2.828,1.08
17.27,2.839,1.27
17.28,2.85,1.44
17.29,2.861,1.63
17.3,2.874,1.81
17.31,2.885,2
17.32,2.898,2.19
17.33,2.911,2.39
17.34,2.925,2.62
17.35,2.938,2.86
17.36,2.951,3.08
17.37,2.965,3.3
17.38,2.98,3.52
17.39,2.994,3.74
17.4,3.008,3.98
17.41,3.024,4.23
17.42,3.038,4.53
17.43,3.053,4.88
17.44,3.069,5.23
17.45,3.083,5.55
17.46,3.099,5.85
17.47,3.114,6.13
17.48,3.129,6.42
17.49,3.146,6.71
17.5,3.161,7.02
17.51,3.177,7.41
17.52,3.192,7.83
17.53,3.208,8.25
17.54,3.223,8.67
17.55,3.239,9.08
17.56,3.254,9.48
17.57,3.27,9.83
17.58,3.286,10.19
17.59,3.301,10.58
17.6,3.316,11.02
17.61,3.331,11.47
17.62,3.346,11.96
17.63,3.361,12.47
17.64,3.375,13
17.65,3.39,13.5
17.66,3.403,13.95
17.67,3.418,14.37
17.68,3.432,14.76
17.69,3.446,15.18
17.7,3.459,15.66
17.71,3.471,16.19
17.72,3.485,16.77
17.73,3.497,17.35
17.74,3.509,17.85
17.75,3.521,18.27
17.76,3.533,18.65
17.77,3.544,19.03
17.78,3.555,19.46
17.79,3.566,19.93
17.8,3.576,20.44
17.81,3.586,20.95
17.82,3.595,21.42
17.83,3.604,21.81
17.84,3.612,22.16
17.85,3.62,22.48
17.86,3.629,22.8
17.87,3.636,23.13
17.88,3.643,23.45
17.89,3.65,23.77
17.9,3.656,24.06
17.91,3.661,24.32
17.92,3.666,24.56
17.93,3.67,24.77
17.94,3.674,24.95
17.95,3.678,25.08
17.96,3.682,25.18
17.97,3.685,25.24
17.98,3.687,25.3
17.99,3.689,25.35
18,3.69,25.39
18.01,3.69,25.38
18.02,3.691,25.33
18.03,3.69,25.22
18.04,3.69,25.09
18.05,3.689,24.9
18.06,3.687,24.71
18.07,3.685,24.55
18.08,3.683,24.39
18.09,3.679,24.16
18.1,3.676,23.87
18.11,3.672,23.52
18.12,3.668,23.14
18.13,3.663,22.74
18.14,3.657,22.33
18.15,3.651,21.93
18.16,3.645,21.53
18.17,3.637,21.11
18.18,3.63,20.63
18.19,3.622,20.09
18.2,3.615,19.54
18.21,3.606,18.99
18.22,3.597,18.46
18.23,3.587,17.93
18.24,3.577,17.43
18.25,3.567,16.91
18.26,3.557,16.4
18.27,3.546,15.87
18.28,3.534,15.31
18.29,3.523,14.72
18.3,3.511,14.12
18.31,3.498,13.53
18.32,3.486,12.96
18.33,3.473,12.44
18.34,3.46,11.99
18.35,3.447,11.57
18.36,3.433,11.14
18.37,3.418,10.67
18.38,3.404,10.14
18.39,3.39,9.58
18.4,3.375,9.06
18.41,3.361,8.57
18.42,3.346,8.15
18.43,3.33,7.79
18.44,3.316,7.45
18.45,3.3,7.1
18.46,3.284,6.74
18.47,3.269,6.36
18.48,3.254,5.96
18.49,3.239,5.56
18.5,3.222,5.19
18.51,3.206,4.86
18.52,3.191,4.55
18.53,3.175,4.27
18.54,3.16,4.03
18.55,3.143,3.81
18.56,3.128,3.58
18.57,3.113,3.31
18.58,3.097,3.01
18.59,3.081,2.71
18.6,3.066,2.43
18.61,3.051,2.19
18.62,3.037,2
18.63,3.021,1.87
18.64,3.006,1.76
18.65,2.991,1.63
18.66,2.977,1.4
18.67,2.963,1.14
18.68,2.949,0.89
18.69,2.936,0.71
18.7,2.922,0.62
18.71,2.909,0.54
18.72,2.896,0.45
18.73,2.884,0.35
18.74,2.871,0.21
18.75,2.86,0.04
18.76,2.848,-0.12
18.77,2.837,-0.26
18.78,2.826,-0.34
18.79,2.815,-0.4
18.8,2.806,-0.48
18.81,2.796,-0.56
18.82,2.786,-0.63
18.83,2.777,-0.69
18.84,2.769,-0.76
18.85,2.76,-0.85
18.86,2.752,-0.97
18.87,2.745,-1.06
18.88,2.738,-1.14
18.89,2.732,-1.17
18.9,2.726,-1.17
18.91,2.721,-1.14
18.92,2.716,-1.13
18.93,2.711,-1.18
18.94,2.707,-1.29
18.95,2.703,-1.39
18.96,2.7,-1.45
18.97,2.698,-1.45
18.98,2.696,-1.38
18.99,2.694,-1.27
19,2.693,-1.19
19.01,2.692,-1.17
19.02,2.692,-1.23
19.03,2.692,-1.29
19.04,2.694,-1.3
19.05,2.694,-1.28
19.06,2.696,-1.2
19.07,2.698,-1.08
19.08,2.701,-0.94
19.09,2.703,-0.82
19.1,2.708,-0.77
19.11,2.711,-0.75
19.12,2.716,-0.69
19.13,2.721,-0.63
19.14,2.727,-0.56
19.15,2.733,-0.47
19.16,2.74,-0.34
19.17,2.746,-0.15
19.18,2.754,0.02
19.19,2.762,0.16
19.2,2.769,0.27
19.21,2.778,0.34
19.22,2.787,0.41
19.23,2.796,0.5
19.24,2.807,0.64
19.25,2.817,0.84
19.26,2.828,1.08
19.27,2.839,1.3
19.28,2.85,1.48
19.29,2.861,1.6
19.3,2.873,1.72
19.31,2.886,1.87
19.32,2.898,2.03
19.33,2.911,2.24
19.34,2.925,2.51
19.35,2.938,2.78
19.36,2.952,3.02
19.37,2.965,3.23
19.38,2.979,3.44
19.39,2.994,3.65
19.4,3.008,3.87
19.41,3.023,4.14
19.42,3.038,4.46
19.43,3.054,4.8
19.44,3.069,5.13
19.45,3.084,5.42
19.46,3.099,5.7
19.47,3.114,5.98
19.48,3.13,6.27
19.49,3.146,6.57
19.5,3.161,6.89
19.51,3.177,7.29
19.52,3.193,7.72
19.53,3.208,8.16
19.54,3.224,8.56
19.55,3.238,8.94
19.56,3.255,9.3
19.57,3.27,9.64
19.58,3.286,10
19.59,3.301,10.41
19.6,3.317,10.86
19.61,3.332,11.38
19.62,3.346,11.89
19.63,3.361,12.38
19.64,3.376,12.81
19.65,3.39,13.25
19.66,3.404,13.67
19.67,3.418,14.12
19.68,3.432,14.57
19.69,3.446,15.08
19.7,3.46,15.61
19.71,3.473,16.14
19.72,3.486,16.64
19.73,3.498,17.11
19.74,3.51,17.54
19.75,3.522,17.97
19.76,3.534,18.39
19.77,3.545,18.83
19.78,3.556,19.33
19.79,3.566,19.86
19.8,3.575,20.39
19.81,3.585,20.84
19.82,3.596,21.2
19.83,3.605,21.55
19.84,3.614,21.87
19.85,3.621,22.18
19.86,3.629,22.54
19.87,3.637,22.95
19.88,3.643,23.37
19.89,3.649,23.73
19.9,3.656,23.99
19.91,3.662,24.19
19.92,3.666,24.37
19.93,3.671,24.49
19.94,3.676,24.62
19.95,3.679,24.8
19.96,3.682,24.98
19.97,3.685,25.14
19.98,3.687,25.24
19.99,3.689,25.27
20,3.69,25.25
20.01,3.69,25.2
20.02,3.691,25.1
20.03,3.691,24.98
20.04,3.69,24.86
20.05,3.689,24.75
20.06,3.688,24.61
20.07,3.685,24.43
20.08,3.684,24.25
20.09,3.68,24.03
20.1,3.676,23.72
20.11,3.672,23.32
20.12,3.667,22.88
20.13,3.663,22.48
20.14,3.658,22.12
20.15,3.652,21.77
20.16,3.645,21.45
20.17,3.638,21.07
20.18,3.63,20.58
20.19,3.622,20
20.2,3.615,19.36
20.21,3.606,18.76
20.22,3.597,18.23
20.23,3.588,17.75
20.24,3.579,17.3
20.25,3.568,16.84
20.26,3.557,16.32
20.27,3.546,15.74
20.28,3.534,15.12
20.29,3.523,14.52
20.3,3.512,13.96
20.31,3.499,13.44
20.32,3.487,12.93
20.33,3.474,12.41
20.34,3.46,11.89
20.35,3.447,11.4
20.36,3.433,10.94
20.37,3.419,10.5
20.38,3.405,10.02
20.39,3.391,9.52
20.4,3.376,9.01
20.41,3.361,8.51
20.42,3.346,8.05
20.43,3.332,7.66
20.44,3.316,7.35
20.45,3.3,7.03
20.46,3.285,6.68
20.47,3.269,6.26
20.48,3.253,5.82
20.49,3.238,5.42
20.5,3.223,5.09
20.51,3.207,4.81
20.52,3.191,4.57
20.53,3.175,4.32
20.54,3.16,4.01
20.55,3.143,3.67
20.56,3.128,3.36
20.57,3.112,3.1
20.58,3.097,2.89
20.59,3.081,2.71
20.6,3.066,2.51
20.61,3.051,2.28
20.62,3.036,2.01
20.63,3.021,1.74
20.64,3.007,1.53
20.65,2.992,1.4
20.66,2.978,1.3
20.67,2.963,1.16
20.68,2.949,0.97
20.69,2.935,0.78
20.7,2.922,0.61
20.71,2.909,0.47
20.72,2.896,0.33
20.73,2.884,0.23
20.74,2.872,0.12
20.75,2.86,-0.02
20.76,2.848,-0.19
20.77,2.837,-0.31
20.78,2.826,-0.35
20.79,2.816,-0.37
20.8,2.805,-0.42
20.81,2.795,-0.53
20.82,2.786,-0.66
20.83,2.777,-0.82
20.84,2.769,-0.97
20.85,2.761,-1.04
20.86,2.753,-1.03
20.87,2.746,-1.01
20.88,2.739,-1.04
20.89,2.732,-1.1
20.9,2.726,-1.19
20.91,2.72,-1.26
20.92,2.716,-1.32
20.93,2.711,-1.34
20.94,2.707,-1.33
20.95,2.703,-1.33
20.96,2.7,-1.36
20.97,2.697,-1.4
20.98,2.695,-1.43
20.99,2.694,-1.42
21,2.692,-1.37
21.01,2.692,-1.3
21.02,2.692,-1.27
21.03,2.693,-1.27
21.04,2.696,-1.27
21.05,2.702,-1.22
21.06,2.709,-1.11
21.07,2.718,-0.92
21.08,2.728,-0.69
21.09,2.741,-0.47
21.1,2.755,-0.27
21.11,2.771,-0.07
21.12,2.788,0.14
21.13,2.808,0.43
21.14,2.829,0.76
21.15,2.851,1.11
21.16,2.875,1.45
21.17,2.901,1.79
21.18,2.926,2.14
21.19,2.953,2.55
21.2,2.982,3.03
21.21,3.01,3.57
21.22,3.04,4.14
21.23,3.07,4.72
21.24,3.102,5.28
21.25,3.133,5.86
21.26,3.163,6.49
21.27,3.194,7.19
21.28,3.225,7.97
21.29,3.256,8.77
21.3,3.287,9.6
21.31,3.318,10.47
21.32,3.348,11.37
21.33,3.377,12.28
21.34,3.405,13.21
21.35,3.433,14.17
21.36,3.46,15.14
21.37,3.486,16.11
21.38,3.511,17.1
21.39,3.534,18.1
21.4,3.556,19.1
21.41,3.576,20.07
21.42,3.595,20.98
21.43,3.613,21.84
21.44,3.629,22.61
21.45,3.644,23.33
21.46,3.656,23.98
21.47,3.666,24.56
21.48,3.675,25.06
21.49,3.682,25.47
21.5,3.687,25.74
21.51,3.69,25.88
21.52,3.692,25.88
21.53,3.69,25.74
21.54,3.688,25.5
21.55,3.683,25.15
21.56,3.676,24.7
21.57,3.668,24.12
21.58,3.658,23.45
21.59,3.646,22.66
21.6,3.632,21.75
21.61,3.616,20.8
21.62,3.598,19.74
21.63,3.579,18.6
21.64,3.558,17.43
21.65,3.536,16.27
21.66,3.512,15.12
21.67,3.487,14.01
21.68,3.46,12.92
21.69,3.433,11.89
21.7,3.405,10.86
21.71,3.376,9.82
21.72,3.347,8.82
21.73,3.316,7.91
21.74,3.285,7.07
21.75,3.253,6.3
21.76,3.222,5.58
21.77,3.19,4.91
21.78,3.158,4.27
21.79,3.127,3.67
21.8,3.096,3.11
21.81,3.065,2.59
21.82,3.035,2.14
21.83,3.005,1.71
21.84,2.976,1.31
21.85,2.948,0.95
21.86,2.921,0.61
21.87,2.895,0.33
21.88,2.87,0.08
21.89,2.847,-0.16
21.9,2.824,-0.43
21.91,2.805,-0.65
21.92,2.785,-0.86
21.93,2.767,-1.05
21.94,2.752,-1.19
21.95,2.738,-1.29
21.96,2.726,-1.37
21.97,2.715,-1.46
21.98,2.707,-1.56
21.99,2.7,-1.64
22,2.696,-1.69
22.01,2.693,-1.69
22.02,2.692,-1.67
22.03,2.693,-1.61
22.04,2.697,-1.52
22.05,2.701,-1.39
22.06,2.709,-1.24
22.07,2.718,-1.08
22.08,2.728,-0.9
22.09,2.74,-0.72
22.1,2.755,-0.52
22.11,2.772,-0.31
22.12,2.788,-0.07
22.13,2.808,0.22
22.14,2.829,0.56
22.15,2.851,0.92
22.16,2.875,1.28
22.17,2.9,1.64
22.18,2.926,2
22.19,2.953,2.36
22.2,2.981,2.75
22.21,3.01,3.21
22.22,3.04,3.75
22.23,3.07,4.32
22.24,3.102,4.94
22.25,3.132,5.6
22.26,3.163,6.27
22.27,3.194,6.98
22.28,3.225,7.7
22.29,3.256,8.45
22.3,3.287,9.24
22.31,3.317,10.05
22.32,3.348,10.91
22.33,3.377,11.84
22.34,3.406,12.82
22.35,3.433,13.84
22.36,3.459,14.87
22.37,3.486,15.83
22.38,3.51,16.79
22.39,3.534,17.75
22.4,3.556,18.72
22.41,3.577,19.67
22.42,3.596,20.59
22.43,3.613,21.51
22.44,3.629,22.36
22.45,3.644,23.09
22.46,3.656,23.73
22.47,3.667,24.31
22.48,3.675,24.81
22.49,3.682,25.2
22.5,3.687,25.47
22.51,3.69,25.61
22.52,3.691,25.62
22.53,3.69,25.5
22.54,3.687,25.28
22.55,3.683,24.97
22.56,3.676,24.56
22.57,3.668,24.01
22.58,3.657,23.32
22.59,3.646,22.48
22.6,3.632,21.54
22.61,3.616,20.55
22.62,3.598,19.52
22.63,3.579,18.44
22.64,3.558,17.33
22.65,3.536,16.21
22.66,3.512,15.04
22.67,3.487,13.89
22.68,3.461,12.79
22.69,3.433,11.73
22.7,3.405,10.73
22.71,3.376,9.73
22.72,3.346,8.74
22.73,3.316,7.84
22.74,3.285,7
22.75,3.254,6.22
22.76,3.222,5.49
22.77,3.19,4.85
22.78,3.158,4.26
22.79,3.127,3.68
22.8,3.096,3.06
22.81,3.065,2.49
22.82,3.034,2.01
22.83,3.005,1.63
22.84,2.977,1.29
22.85,2.948,0.95
22.86,2.921,0.62
22.87,2.895,0.34
22.88,2.87,0.08
22.89,2.847,-0.2
22.9,2.825,-0.49
22.91,2.804,-0.73
22.92,2.785,-0.89
22.93,2.767,-1.03
22.94,2.752,-1.17
22.95,2.738,-1.3
22.96,2.726,-1.41
22.97,2.716,-1.5
22.98,2.707,-1.56
22.99,2.7,-1.66
23,2.696,-1.75
23.01,2.694,-1.79
23.02,2.693,-1.72
23.03,2.694,-1.59
23.04,2.696,-1.46
23.05,2.702,-1.36
23.06,2.708,-1.25
23.07,2.717,-1.09
23.08,2.727,-0.94
23.09,2.74,-0.8
23.1,2.755,-0.63
23.11,2.771,-0.38
23.12,2.788,-0.05
23.13,2.808,0.3
23.14,2.829,0.59
23.15,2.852,0.85
23.16,2.875,1.16
23.17,2.9,1.54
23.18,2.926,1.93
23.19,2.953,2.3
23.2,2.981,2.69
23.21,3.011,3.19
23.22,3.04,3.77
23.23,3.07,4.36
23.24,3.101,4.94
23.25,3.132,5.5
23.26,3.163,6.13
23.27,3.194,6.81
23.28,3.225,7.54
23.29,3.257,8.29
23.3,3.287,9.1
23.31,3.318,10.01
23.32,3.347,10.96
23.33,3.377,11.89
23.34,3.406,12.77
23.35,3.434,13.66
23.36,3.46,14.6
23.37,3.486,15.59
23.38,3.51,16.62
23.39,3.534,17.63
23.4,3.556,18.62
23.41,3.577,19.61
23.42,3.596,20.55
23.43,3.613,21.41
23.44,3.629,22.16
23.45,3.643,22.87
23.46,3.655,23.55
23.47,3.666,24.18
23.48,3.675,24.67
23.49,3.682,25.04
23.5,3.687,25.28
23.51,3.69,25.47
23.52,3.691,25.54
23.53,3.69,25.48
23.54,3.687,25.21
23.55,3.683,24.81
23.56,3.677,24.35
23.57,3.668,23.84
23.58,3.658,23.19
23.59,3.646,22.39
23.6,3.632,21.5
23.61,3.615,20.54
23.62,3.598,19.49
23.63,3.578,18.34
23.64,3.559,17.15
23.65,3.536,16.01
23.66,3.512,14.93
23.67,3.488,13.88
23.68,3.461,12.8
23.69,3.434,11.7
23.7,3.405,10.63
23.71,3.376,9.63
23.72,3.347,8.68
23.73,3.316,7.77
23.74,3.285,6.94
23.75,3.253,6.19
23.76,3.222,5.5
23.77,3.19,4.84
23.78,3.159,4.18
23.79,3.127,3.54
23.8,3.096,2.98
23.81,3.065,2.5
23.82,3.035,2.06
23.83,3.005,1.66
23.84,2.976,1.24
23.85,2.947,0.89
23.86,2.921,0.58
23.87,2.895,0.31
23.88,2.87,0.04
23.89,2.847,-0.24
23.9,2.824,-0.5
23.91,2.804,-0.72
23.92,2.785,-0.9
23.93,2.768,-1.06
23.94,2.752,-1.21
23.95,2.738,-1.31
23.96,2.725,-1.38
23.97,2.715,-1.47
23.98,2.707,-1.62
23.99,2.7,-1.74
24,2.695,-1.79
24.01,2.693,-1.75
24.02,2.692,-1.69
24.03,2.694,-1.6
24.04,2.696,-1.5
24.05,2.701,-1.4
24.06,2.708,-1.31
24.07,2.717,-1.18
24.08,2.728,-1.01
24.09,2.74,-0.81
24.1,2.754,-0.56
24.11,2.77,-0.29
24.12,2.788,-0.02
24.13,2.808,0.24
24.14,2.829,0.5
24.15,2.851,0.8
24.16,2.875,1.14
24.17,2.899,1.49
24.18,2.926,1.85
24.19,2.954,2.24
24.2,2.982,2.67
24.21,3.011,3.19
24.22,3.041,3.75
24.23,3.07,4.31
24.24,3.101,4.89
24.25,3.132,5.49
24.26,3.164,6.09
24.27,3.195,6.71
24.28,3.225,7.42
24.29,3.256,8.2
24.3,3.287,9.08
24.31,3.318,9.98
24.32,3.348,10.89
24.33,3.377,11.77
24.34,3.406,12.63
24.35,3.434,13.54
24.36,3.461,14.53
24.37,3.487,15.56
24.38,3.511,16.58
24.39,3.534,17.58
24.4,3.556,18.56
24.41,3.577,19.49
24.42,3.596,20.36
24.43,3.614,21.2
24.44,3.63,22.05
24.45,3.644,22.84
24.46,3.656,23.55
24.47,3.667,24.09
24.48,3.675,24.55
24.49,3.683,24.93
24.5,3.687,25.23
24.51,3.69,25.41
24.52,3.692,25.45
24.53,3.691,25.34
24.54,3.688,25.09
24.55,3.683,24.74
24.56,3.677,24.28
24.57,3.669,23.73
24.58,3.658,23.08
24.59,3.647,22.32
24.6,3.633,21.45
24.61,3.616,20.44
24.62,3.599,19.37
24.63,3.58,18.25
24.64,3.558,17.12
24.65,3.537,16.02
24.66,3.513,14.93
24.67,3.488,13.81
24.68,3.461,12.67
24.69,3.434,11.57
24.7,3.405,10.52
24.71,3.376,9.54
24.72,3.346,8.64
24.73,3.317,7.8
24.74,3.285,6.99
24.75,3.253,6.23
24.76,3.222,5.46
24.77,3.191,4.72
24.78,3.159,4.06
24.79,3.127,3.49
24.8,3.096,2.98
24.81,3.065,2.49
24.82,3.034,2.04
24.83,3.005,1.62
24.84,2.976,1.24
24.85,2.948,0.9
24.86,2.921,0.57
24.87,2.895,0.27
24.88,2.871,0
24.89,2.847,-0.27
24.9,2.824,-0.51
24.91,2.804,-0.72
24.92,2.785,-0.9
24.93,2.767,-1.05
24.94,2.752,-1.17
24.95,2.739,-1.3
24.96,2.725,-1.43
24.97,2.716,-1.56
24.98,2.707,-1.68
24.99,2.701,-1.74
25,2.696,-1.75
25.01,2.693,-1.72
25.02,2.692,-1.67
25.03,2.693,-1.62
25.04,2.696,-1.54
25.05,2.701,-1.44
25.06,2.708,-1.35
25.07,2.717,-1.21
25.08,2.728,-1.01
25.09,2.74,-0.79
25.1,2.755,-0.55
25.11,2.77,-0.31
25.12,2.789,-0.06
25.13,2.808,0.2
25.14,2.829,0.48
25.15,2.85,0.79
25.16,2.875,1.11
25.17,2.9,1.45
25.18,2.926,1.83
25.19,2.954,2.24
25.2,2.981,2.69
25.21,3.01,3.18
25.22,3.04,3.69
25.23,3.07,4.23
25.24,3.101,4.79
25.25,3.132,5.37
25.26,3.164,6
25.27,3.195,6.68
25.28,3.225,7.42
25.29,3.257,8.2
25.3,3.288,9.04
25.31,3.318,9.91
25.32,3.348,10.77
25.33,3.378,11.64
25.34,3.406,12.52
25.35,3.434,13.48
25.36,3.461,14.48
25.37,3.486,15.47
25.38,3.511,16.43
25.39,3.534,17.43
25.4,3.556,18.46
25.41,3.577,19.4
25.42,3.597,20.27
25.43,3.614,21.15
25.44,3.629,21.98
25.45,3.643,22.72
25.46,3.657,23.36
25.47,3.667,23.9
25.48,3.676,24.4
25.49,3.683,24.88
25.5,3.687,25.21
25.51,3.69,25.32
25.52,3.692,25.32
25.53,3.691,25.22
25.54,3.688,24.97
25.55,3.683,24.59
25.56,3.676,24.13
25.57,3.669,23.63
25.58,3.659,23.01
25.59,3.647,22.24
25.6,3.633,21.36
25.61,3.616,20.37
25.62,3.599,19.31
25.63,3.58,18.18
25.64,3.559,17.06
25.65,3.537,15.93
25.66,3.513,14.75
25.67,3.488,13.58
25.68,3.461,12.55
25.69,3.434,11.57
25.7,3.405,10.57
25.71,3.376,9.61
25.72,3.347,8.69
25.73,3.316,7.78
25.74,3.284,6.87
25.75,3.253,6.02
25.76,3.222,5.27
25.77,3.191,4.64
25.78,3.159,4.07
25.79,3.127,3.56
25.8,3.096,3.04
25.81,3.065,2.53
25.82,3.035,2.01
25.83,3.005,1.57
25.84,2.976,1.2
25.85,2.948,0.85
25.86,2.921,0.5
25.87,2.895,0.21
25.88,2.87,-0.01
25.89,2.847,-0.27
25.9,2.825,-0.54
25.91,2.804,-0.7
25.92,2.785,-0.84
25.93,2.767,-1.04
25.94,2.752,-1.25
25.95,2.738,-1.37
25.96,2.726,-1.49
25.97,2.716,-1.59
25.98,2.707,-1.66
25.99,2.7,-1.69
26,2.696,-1.72
26.01,2.693,-1.7
26.02,2.692,-1.69
26.03,2.693,-1.7
26.04,2.696,-1.63
26.05,2.701,-1.5
26.06,2.709,-1.34
26.07,2.717,-1.17
26.08,2.728,-1.01
26.09,2.74,-0.82
26.1,2.754,-0.59
26.11,2.771,-0.35
26.12,2.788,-0.09
26.13,2.808,0.19
26.14,2.829,0.47
26.15,2.851,0.77
26.16,2.875,1.09
26.17,2.9,1.43
26.18,2.926,1.79
26.19,2.954,2.2
26.2,2.981,2.68
26.21,3.01,3.15
26.22,3.04,3.62
26.23,3.071,4.16
26.24,3.101,4.75
26.25,3.132,5.35
26.26,3.163,5.98
26.27,3.195,6.66
26.28,3.225,7.38
26.29,3.257,8.13
26.3,3.288,8.93
26.31,3.318,9.8
26.32,3.348,10.69
26.33,3.377,11.57
26.34,3.406,12.49
26.35,3.434,13.45
26.36,3.461,14.4
26.37,3.486,15.36
26.38,3.512,16.34
26.39,3.535,17.33
26.4,3.557,18.35
26.41,3.577,19.3
26.42,3.597,20.2
26.43,3.614,21.06
26.44,3.63,21.86
26.45,3.645,22.64
26.46,3.657,23.32
26.47,3.667,23.89
26.48,3.676,24.38
26.49,3.682,24.78
26.5,3.687,25.04
26.51,3.691,25.18
26.52,3.692,25.19
26.53,3.691,25.08
26.54,3.688,24.88
26.55,3.683,24.56
26.56,3.677,24.14
26.57,3.669,23.61
26.58,3.659,22.94
26.59,3.646,22.16
26.6,3.632,21.25
26.61,3.616,20.23
26.62,3.599,19.16
26.63,3.58,18.06
26.64,3.559,16.97
26.65,3.537,15.9
26.66,3.513,14.81
26.67,3.487,13.7
26.68,3.461,12.58
26.69,3.434,11.47
26.7,3.406,10.42
26.71,3.377,9.42
26.72,3.347,8.5
26.73,3.316,7.66
26.74,3.285,6.87
26.75,3.254,6.1
26.76,3.222,5.4
26.77,3.191,4.72
26.78,3.159,4.07
26.79,3.127,3.48
26.8,3.096,2.92
26.81,3.065,2.4
26.82,3.035,1.93
26.83,3.005,1.52
26.84,2.976,1.18
26.85,2.948,0.89
26.86,2.92,0.6
26.87,2.895,0.29
26.88,2.87,-0.02
26.89,2.846,-0.32
26.9,2.824,-0.59
26.91,2.804,-0.82
26.92,2.785,-0.97
26.93,2.768,-1.07
26.94,2.752,-1.16
26.95,2.738,-1.29
26.96,2.725,-1.46
26.97,2.715,-1.62
26.98,2.707,-1.73
26.99,2.7,-1.79
27,2.696,-1.79
27.01,2.693,-1.73
27.02,2.692,-1.67
27.03,2.693,-1.63
27.04,2.696,-1.59
27.05,2.702,-1.53
27.06,2.708,-1.4
27.07,2.717,-1.25
27.08,2.728,-1.06
27.09,2.74,-0.84
27.1,2.754,-0.62
27.11,2.771,-0.37
27.12,2.789,-0.08
27.13,2.808,0.21
27.14,2.829,0.5
27.15,2.852,0.79
27.16,2.874,1.05
27.17,2.9,1.34
27.18,2.926,1.69
27.19,2.953,2.11
27.2,2.982,2.62
27.21,3.011,3.15
27.22,3.04,3.69
27.23,3.07,4.22
27.24,3.101,4.73
27.25,3.132,5.25
27.26,3.163,5.85
27.27,3.195,6.55
27.28,3.226,7.31
27.29,3.257,8.11
27.3,3.287,8.93
27.31,3.318,9.77
27.32,3.348,10.63
27.33,3.378,11.51
27.34,3.406,12.41
27.35,3.434,13.34
27.36,3.461,14.28
27.37,3.486,15.25
27.38,3.511,16.26
27.39,3.535,17.27
27.4,3.557,18.29
27.41,3.577,19.27
27.42,3.597,20.2
27.43,3.614,21.01
27.44,3.629,21.74
27.45,3.644,22.42
27.46,3.657,23.09
27.47,3.667,23.73
27.48,3.676,24.29
27.49,3.682,24.75
27.5,3.687,25.05
27.51,3.69,25.17
27.52,3.691,25.12
27.53,3.691,24.96
27.54,3.688,24.72
27.55,3.684,24.42
27.56,3.677,24.05
27.57,3.669,23.51
27.58,3.659,22.83
27.59,3.647,22.03
27.6,3.633,21.12
27.61,3.616,20.15
27.62,3.598,19.14
27.63,3.579,18.07
27.64,3.558,16.93
27.65,3.537,15.78
27.66,3.513,14.65
27.67,3.487,13.57
27.68,3.461,12.51
27.69,3.434,11.49
27.7,3.405,10.48
27.71,3.376,9.46
27.72,3.346,8.47
27.73,3.316,7.55
27.74,3.285,6.71
27.75,3.254,6
27.76,3.222,5.36
27.77,3.19,4.74
27.78,3.158,4.1
27.79,3.127,3.49
27.8,3.096,2.88
27.81,3.065,2.35
27.82,3.035,1.89
27.83,3.006,1.53
27.84,2.977,1.2
27.85,2.948,0.88
27.86,2.92,0.54
27.87,2.895,0.21
27.88,2.87,-0.08
27.89,2.847,-0.34
27.9,2.825,-0.56
27.91,2.804,-0.75
27.92,2.785,-0.91
27.93,2.768,-1.07
27.94,2.752,-1.24
27.95,2.738,-1.38
27.96,2.726,-1.5
27.97,2.715,-1.58
27.98,2.707,-1.69
27.99,2.7,-1.78
28,2.696,-1.82
28.01,2.693,-1.82
28.02,2.693,-1.76
28.03,2.694,-1.66
28.04,2.697,-1.54
28.05,2.702,-1.41
28.06,2.708,-1.31
28.07,2.717,-1.23
28.08,2.728,-1.12
28.09,2.74,-0.93
28.1,2.755,-0.69
28.11,2.771,-0.4
28.12,2.789,-0.09
28.13,2.808,0.23
28.14,2.829,0.52
28.15,2.852,0.79
28.16,2.875,1.05
28.17,2.9,1.36
28.18,2.926,1.69
28.19,2.954,2.1
28.2,2.982,2.56
28.21,3.011,3.06
28.22,3.041,3.59
28.23,3.071,4.15
28.24,3.101,4.72
28.25,3.132,5.29
28.26,3.163,5.9
28.27,3.195,6.54
28.28,3.226,7.23
28.29,3.257,7.99
28.3,3.287,8.8
28.31,3.318,9.68
28.32,3.348,10.58
28.33,3.377,11.48
28.34,3.406,12.38
28.35,3.434,13.28
28.36,3.46,14.21
28.37,3.486,15.18
28.38,3.511,16.18
28.39,3.534,17.2
28.4,3.556,18.19
28.41,3.577,19.14
28.42,3.597,20.04
28.43,3.614,20.9
28.44,3.63,21.68
28.45,3.644,22.41
28.46,3.657,23.08
28.47,3.667,23.65
28.48,3.676,24.16
28.49,3.683,24.57
28.5,3.687,24.85
28.51,3.69,25.01
28.52,3.692,25.06
28.53,3.69,24.96
28.54,3.688,24.73
28.55,3.684,24.37
28.56,3.677,23.91
28.57,3.669,23.36
28.58,3.658,22.71
28.59,3.646,21.95
28.6,3.632,21.09
28.61,3.616,20.13
28.62,3.599,19.13
28.63,3.579,18.02
28.64,3.558,16.87
28.65,3.536,15.72
28.66,3.513,14.58
28.67,3.488,13.5
28.68,3.462,12.43
28.69,3.434,11.37
28.7,3.406,10.36
28.71,3.376,9.41
28.72,3.347,8.51
28.73,3.316,7.64
28.74,3.285,6.8
28.75,3.254,6.01
28.76,3.222,5.28
28.77,3.191,4.57
28.78,3.159,3.94
28.79,3.127,3.38
28.8,3.096,2.89
28.81,3.065,2.45
28.82,3.035,2.02
28.83,3.006,1.59
28.84,2.977,1.17
28.85,2.948,0.79
28.86,2.921,0.43
28.87,2.895,0.14
28.88,2.871,-0.1
28.89,2.847,-0.31
28.9,2.825,-0.52
28.91,2.805,-0.72
28.92,2.786,-0.91
28.93,2.768,-1.08
28.94,2.752,-1.24
28.95,2.738,-1.38
28.96,2.726,-1.5
28.97,2.716,-1.62
28.98,2.707,-1.7
28.99,2.701,-1.79
29,2.696,-1.82
29.01,2.693,-1.8
29.02,2.693,-1.75
29.03,2.694,-1.66
29.04,2.697,-1.58
29.05,2.702,-1.49
29.06,2.709,-1.38
29.07,2.718,-1.25
29.08,2.728,-1.1
29.09,2.741,-0.88
29.1,2.755,-0.63
29.11,2.771,-0.39
29.12,2.789,-0.14
29.13,2.809,0.12
29.14,2.829,0.42
29.15,2.851,0.73
29.16,2.875,1.05
29.17,2.9,1.39
29.18,2.926,1.76
29.19,2.954,2.14
29.2,2.982,2.54
29.21,3.011,2.97
29.22,3.041,3.46
29.23,3.071,4.04
29.24,3.102,4.65
29.25,3.132,5.28
29.26,3.164,5.91
29.27,3.195,6.57
29.28,3.226,7.25
29.29,3.257,7.95
29.3,3.287,8.72
29.31,3.318,9.56
29.32,3.348,10.47
29.33,3.378,11.4
29.34,3.406,12.32
29.35,3.434,13.23
29.36,3.46,14.18
29.37,3.486,15.15
29.38,3.511,16.14
29.39,3.534,17.11
29.4,3.557,18.07
29.41,3.577,19.01
29.42,3.596,19.91
29.43,3.614,20.78
29.44,3.63,21.6
29.45,3.645,22.37
29.46,3.656,23.07
29.47,3.666,23.65
29.48,3.676,24.12
29.49,3.683,24.45
29.5,3.688,24.7
29.51,3.691,24.84
29.52,3.691,24.9
29.53,3.691,24.84
29.54,3.688,24.68
29.55,3.684,24.37
29.56,3.677,23.92
29.57,3.668,23.32
29.58,3.658,22.62
29.59,3.646,21.81
29.6,3.633,20.91
29.61,3.616,19.97
29.62,3.599,18.99
29.63,3.579,17.94
29.64,3.558,16.85
29.65,3.537,15.72
29.66,3.513,14.58
29.67,3.487,13.46
29.68,3.461,12.36
29.69,3.433,11.3
29.7,3.405,10.28
29.71,3.376,9.32
29.72,3.347,8.42
29.73,3.316,7.57
29.74,3.284,6.77
29.75,3.254,6
29.76,3.222,5.28
29.77,3.191,4.6
29.78,3.159,3.98
29.79,3.128,3.36
29.8,3.095,2.83
29.81,3.065,2.36
29.82,3.035,1.92
29.83,3.006,1.53
29.84,2.976,1.16
29.85,2.948,0.81
29.86,2.921,0.47
29.87,2.895,0.16
29.88,2.87,-0.1
29.89,2.847,-0.34
29.9,2.825,-0.55
29.91,2.804,-0.75
29.92,2.785,-0.93
29.93,2.768,-1.11
29.94,2.752,-1.28
29.95,2.738,-1.42
29.96,2.726,-1.55
29.97,2.716,-1.63
29.98,2.707,-1.67
29.99,2.7,-1.72
30,2.696,-1.78
30.01,2.693,-1.83
30.02,2.692,-1.8
30.03,2.694,-1.72
30.04,2.697,-1.69
30.05,2.701,-1.6
30.06,2.708,-1.4
30.07,2.717,-1.2
30.08,2.728,-1.05
30.09,2.74,-0.85
30.1,2.755,-0.62
30.11,2.77,-0.38
30.12,2.788,-0.14
30.13,2.808,0.1
30.14,2.829,0.32
30.15,2.851,0.58
30.16,2.875,0.94
30.17,2.9,1.35
30.18,2.926,1.77
30.19,2.953,2.19
30.2,2.981,2.62
30.21,3.01,3.07
30.22,3.04,3.49
30.23,3.07,3.98
30.24,3.102,4.51
30.25,3.132,5.1
30.26,3.163,5.75
30.27,3.195,6.49
30.28,3.226,7.25
30.29,3.257,7.97
30.3,3.287,8.72
30.31,3.318,9.54
30.32,3.348,10.41
30.33,3.377,11.29
30.34,3.405,12.18
30.35,3.433,13.12
30.36,3.46,14.08
30.37,3.486,15.07
30.38,3.511,16.06
30.39,3.534,17.04
30.4,3.556,18.01
30.41,3.576,18.97
30.42,3.596,19.86
30.43,3.613,20.67
30.44,3.63,21.4
30.45,3.644,22.15
30.46,3.656,22.9
30.47,3.666,23.54
30.48,3.675,24.03
30.49,3.682,24.4
30.5,3.687,24.66
30.51,3.69,24.8
30.52,3.691,24.83
30.53,3.69,24.74
30.54,3.688,24.52
30.55,3.683,24.19
30.56,3.677,23.8
30.57,3.668,23.26
30.58,3.658,22.55
30.59,3.646,21.73
30.6,3.632,20.85
30.61,3.616,19.91
30.62,3.599,18.91
30.63,3.579,17.88
30.64,3.558,16.79
30.65,3.536,15.65
30.66,3.512,14.52
30.67,3.488,13.44
30.68,3.46,12.33
30.69,3.434,11.22
30.7,3.405,10.21
30.71,3.376,9.27
30.72,3.346,8.4
30.73,3.316,7.53
30.74,3.285,6.71
30.75,3.253,5.95
30.76,3.221,5.26
30.77,3.19,4.59
30.78,3.159,3.93
30.79,3.127,3.33
30.8,3.096,2.8
30.81,3.065,2.35
30.82,3.035,1.92
30.83,3.004,1.51
30.84,2.976,1.13
30.85,2.948,0.8
30.86,2.921,0.5
30.87,2.895,0.19
30.88,2.87,-0.13
30.89,2.847,-0.4
30.9,2.824,-0.63
30.91,2.804,-0.81
30.92,2.785,-0.96
30.93,2.767,-1.11
30.94,2.751,-1.24
30.95,2.738,-1.36
30.96,2.726,-1.5
30.97,2.715,-1.65
30.98,2.706,-1.76
30.99,2.7,-1.83
31,2.696,-1.84
31.01,2.694,-1.79
31.02,2.693,-1.74
31.03,2.699,-1.68
31.04,2.711,-1.59
31.05,2.731,-1.4
31.06,2.758,-1.03
31.07,2.792,-0.56
31.08,2.833,-0.05
31.09,2.879,0.52
31.1,2.93,1.18
31.11,2.986,1.98
31.12,3.045,2.85
31.13,3.105,3.84
31.14,3.168,4.99
31.15,3.229,6.31
31.16,3.29,7.75
31.17,3.349,9.32
31.18,3.407,11.03
31.19,3.461,12.92
31.2,3.511,14.94
31.21,3.556,16.96
31.22,3.595,18.93
31.23,3.627,20.74
31.24,3.653,22.36
31.25,3.672,23.71
31.26,3.684,24.69
31.27,3.688,25.28
31.28,3.684,25.41
31.29,3.673,25.05
31.3,3.655,24.2
31.31,3.63,22.87
31.32,3.597,21.09
31.33,3.558,18.97
31.34,3.512,16.66
31.35,3.459,14.32
31.36,3.403,12.08
31.37,3.345,9.96
31.38,3.284,8.06
31.39,3.219,6.39
31.4,3.156,4.91
31.41,3.093,3.61
31.42,3.031,2.47
31.43,2.973,1.48
31.44,2.918,0.66
31.45,2.867,0.01
31.46,2.823,-0.51
31.47,2.783,-0.92
31.48,2.751,-1.24
31.49,2.725,-1.53
31.5,2.707,-1.77
31.51,2.697,-1.98
31.52,2.694,-2.11
31.53,2.699,-2.12
31.54,2.712,-1.98
31.55,2.732,-1.66
31.56,2.759,-1.22
31.57,2.793,-0.69
31.58,2.833,-0.12
31.59,2.879,0.44
31.6,2.93,1.05
31.61,2.986,1.73
31.62,3.045,2.52
31.63,3.105,3.48
31.64,3.168,4.65
31.65,3.229,6
31.66,3.29,7.5
31.67,3.351,9.12
31.68,3.407,10.86
31.69,3.461,12.72
31.7,3.511,14.63
31.71,3.556,16.59
31.72,3.594,18.55
31.73,3.627,20.42
31.74,3.653,22.11
31.75,3.672,23.54
31.76,3.684,24.6
31.77,3.688,25.23
31.78,3.684,25.35
31.79,3.673,24.93
31.8,3.656,24.03
31.81,3.629,22.68
31.82,3.597,20.91
31.83,3.557,18.83
31.84,3.512,16.59
31.85,3.46,14.34
31.86,3.404,12.12
31.87,3.345,9.97
31.88,3.283,8
31.89,3.219,6.29
31.9,3.156,4.78
31.91,3.093,3.47
31.92,3.031,2.38
31.93,2.972,1.5
31.94,2.918,0.77
31.95,2.867,0.12
31.96,2.823,-0.47
31.97,2.783,-0.95
31.98,2.751,-1.33
31.99,2.725,-1.64
32,2.708,-1.88
32.01,2.697,-2.02
32.02,2.694,-2.04
32.03,2.7,-1.99
32.04,2.712,-1.87
32.05,2.731,-1.65
32.06,2.758,-1.3
32.07,2.792,-0.82
32.08,2.833,-0.26
32.09,2.879,0.36
32.1,2.93,1.05
32.11,2.985,1.8
32.12,3.044,2.62
32.13,3.105,3.56
32.14,3.167,4.65
32.15,3.229,5.92
32.16,3.29,7.35
32.17,3.351,8.96
32.18,3.408,10.72
32.19,3.462,12.63
32.2,3.512,14.63
32.21,3.556,16.66
32.22,3.595,18.65
32.23,3.628,20.51
32.24,3.655,22.15
32.25,3.673,23.49
32.26,3.685,24.51
32.27,3.689,25.13
32.28,3.685,25.28
32.29,3.675,24.95
32.3,3.657,24.14
32.31,3.632,22.84
32.32,3.599,21.03
32.33,3.559,18.91
32.34,3.512,16.59
32.35,3.46,14.26
32.36,3.405,12.01
32.37,3.346,9.94
32.38,3.284,8.05
32.39,3.22,6.35
32.4,3.157,4.83
32.41,3.093,3.5
32.42,3.031,2.36
32.43,2.972,1.41
32.44,2.917,0.65
32.45,2.866,0.04
32.46,2.821,-0.45
32.47,2.782,-0.87
32.48,2.75,-1.25
32.49,2.723,-1.6
32.5,2.706,-1.88
32.51,2.695,-2.08
32.52,2.692,-2.17
32.53,2.697,-2.14
32.54,2.71,-1.97
32.55,2.729,-1.65
32.56,2.757,-1.23
32.57,2.791,-0.73
32.58,2.832,-0.19
32.59,2.878,0.37
32.6,2.929,0.97
32.61,2.985,1.66
32.62,3.045,2.49
32.63,3.106,3.51
32.64,3.168,4.7
32.65,3.23,6.02
32.66,3.292,7.45
32.67,3.351,9.02
32.68,3.409,10.72
32.69,3.464,12.57
32.7,3.513,14.53
32.71,3.558,16.57
32.72,3.597,18.61
32.73,3.63,20.53
32.74,3.657,22.24
32.75,3.676,23.64
32.76,3.687,24.67
32.77,3.691,25.28
32.78,3.688,25.38
32.79,3.677,24.93
32.8,3.659,24.04
32.81,3.633,22.74
32.82,3.6,21.01
32.83,3.561,18.94
32.84,3.514,16.68
32.85,3.462,14.37
32.86,3.405,12.09
32.87,3.346,9.92
32.88,3.284,7.94
32.89,3.221,6.21
32.9,3.157,4.74
32.91,3.093,3.5
32.92,3.032,2.43
32.93,2.973,1.51
32.94,2.916,0.72
32.95,2.866,0.05
32.96,2.82,-0.51
32.97,2.781,-0.98
32.98,2.75,-1.35
32.99,2.724,-1.65
33,2.706,-1.87
33.01,2.695,-2.04
33.02,2.692,-2.11
33.03,2.697,-2.08
33.04,2.709,-1.93
33.05,2.729,-1.67
33.06,2.756,-1.3
33.07,2.791,-0.81
33.08,2.832,-0.24
33.09,2.878,0.37
33.1,2.93,1.01
33.11,2.985,1.75
33.12,3.044,2.58
33.13,3.105,3.5
33.14,3.168,4.59
33.15,3.23,5.85
33.16,3.292,7.32
33.17,3.352,8.94
33.18,3.41,10.72
33.19,3.464,12.63
33.2,3.513,14.63
33.21,3.558,16.63
33.22,3.598,18.58
33.23,3.63,20.42
33.24,3.657,22.07
33.25,3.676,23.5
33.26,3.688,24.56
33.27,3.691,25.19
33.28,3.688,25.32
33.29,3.677,24.94
33.3,3.659,24.09
33.31,3.633,22.75
33.32,3.601,20.98
33.33,3.56,18.91
33.34,3.514,16.62
33.35,3.461,14.26
33.36,3.405,11.97
33.37,3.347,9.86
33.38,3.284,7.96
33.39,3.221,6.26
33.4,3.157,4.78
33.41,3.093,3.48
33.42,3.031,2.36
33.43,2.972,1.41
33.44,2.917,0.66
33.45,2.867,0.06
33.46,2.821,-0.41
33.47,2.782,-0.85
33.48,2.749,-1.27
33.49,2.723,-1.68
33.5,2.706,-2
33.51,2.695,-2.19
33.52,2.692,-2.22
33.53,2.697,-2.1
33.54,2.71,-1.85
33.55,2.73,-1.52
33.56,2.757,-1.16
33.57,2.79,-0.76
33.58,2.831,-0.3
33.59,2.878,0.24
33.6,2.93,0.88
33.61,2.986,1.64
33.62,3.044,2.52
33.63,3.106,3.52
33.64,3.168,4.66
33.65,3.23,5.94
33.66,3.292,7.39
33.67,3.352,8.98
33.68,3.409,10.68
33.69,3.463,12.5
33.7,3.513,14.43
33.71,3.558,16.41
33.72,3.598,18.43
33.73,3.631,20.4
33.74,3.657,22.2
33.75,3.676,23.65
33.76,3.687,24.64
33.77,3.691,25.15
33.78,3.688,25.16
33.79,3.678,24.72
33.8,3.659,23.88
33.81,3.633,22.62
33.82,3.6,20.96
33.83,3.56,18.96
33.84,3.513,16.69
33.85,3.462,14.3
33.86,3.406,11.96
33.87,3.346,9.8
33.88,3.284,7.87
33.89,3.221,6.17
33.9,3.156,4.72
33.91,3.093,3.49
33.92,3.031,2.41
33.93,2.973,1.49
33.94,2.917,0.72
33.95,2.866,0.07
33.96,2.821,-0.49
33.97,2.782,-0.98
33.98,2.749,-1.41
33.99,2.723,-1.76
34,2.706,-1.98
34.01,2.696,-2.08
34.02,2.693,-2.04
34.03,2.697,-1.95
34.04,2.71,-1.79
34.05,2.729,-1.57
34.06,2.757,-1.3
34.07,2.791,-0.93
34.08,2.832,-0.43
34.09,2.878,0.18
34.1,2.93,0.9
34.11,2.985,1.7
34.12,3.045,2.6
34.13,3.106,3.61
34.14,3.168,4.72
34.15,3.23,5.94
34.16,3.292,7.32
34.17,3.352,8.84
34.18,3.41,10.52
34.19,3.464,12.38
34.2,3.513,14.38
34.21,3.559,16.49
34.22,3.599,18.56
34.23,3.631,20.48
34.24,3.657,22.16
34.25,3.675,23.51
34.26,3.687,24.47
34.27,3.691,25.02
34.28,3.688,25.1
34.29,3.677,24.74
34.3,3.659,23.93
34.31,3.633,22.66
34.32,3.6,20.97
34.33,3.56,18.91
34.34,3.514,16.62
34.35,3.462,14.27
34.36,3.406,11.96
34.37,3.346,9.78
34.38,3.285,7.83
34.39,3.221,6.14
34.4,3.156,4.7
34.41,3.093,3.47
34.42,3.031,2.4
34.43,2.972,1.5
34.44,2.917,0.72
34.45,2.866,0.04
34.46,2.821,-0.53
34.47,2.782,-1
34.48,2.749,-1.39
34.49,2.724,-1.69
34.5,2.705,-1.91
34.51,2.694,-2.05
34.52,2.692,-2.12
34.53,2.697,-2.09
34.54,2.709,-1.92
34.55,2.73,-1.63
34.56,2.756,-1.25
34.57,2.79,-0.8
34.58,2.832,-0.29
34.59,2.878,0.27
34.6,2.929,0.89
34.61,2.985,1.63
34.62,3.044,2.49
34.63,3.106,3.49
34.64,3.169,4.62
34.65,3.23,5.91
34.66,3.292,7.32
34.67,3.352,8.87
34.68,3.409,10.57
34.69,3.464,12.45
34.7,3.513,14.42
34.71,3.558,16.43
34.72,3.598,18.43
34.73,3.631,20.33
34.74,3.657,22.02
34.75,3.676,23.43
34.76,3.687,24.46
34.77,3.691,25.05
34.78,3.688,25.15
34.79,3.677,24.77
34.8,3.66,23.9
34.81,3.633,22.58
34.82,3.6,20.84
34.83,3.56,18.78
34.84,3.514,16.55
34.85,3.462,14.25
34.86,3.406,11.98
34.87,3.347,9.81
34.88,3.284,7.85
34.89,3.221,6.13
34.9,3.157,4.68
34.91,3.093,3.42
34.92,3.031,2.34
34.93,2.972,1.45
34.94,2.917,0.69
34.95,2.865,0.05
34.96,2.821,-0.5
34.97,2.782,-0.98
34.98,2.749,-1.37
34.99,2.724,-1.68
35,2.705,-1.92
35.01,2.695,-2.07
35.02,2.692,-2.12
35.03,2.697,-2.08
35.04,2.709,-1.93
35.05,2.729,-1.68
35.06,2.757,-1.31
35.07,2.79,-0.83
35.08,2.832,-0.28
35.09,2.878,0.31
35.1,2.93,0.95
35.11,2.985,1.67
35.12,3.044,2.47
35.13,3.105,3.43
35.14,3.168,4.55
35.15,3.23,5.84
35.16,3.292,7.29
35.17,3.352,8.87
35.18,3.409,10.58
35.19,3.464,12.45
35.2,3.514,14.42
35.21,3.559,16.42
35.22,3.598,18.4
35.23,3.63,20.28
35.24,3.657,21.97
35.25,3.676,23.35
35.26,3.688,24.38
35.27,3.692,25.02
35.28,3.689,25.19
35.29,3.677,24.85
35.3,3.659,23.98
35.31,3.633,22.61
35.32,3.6,20.81
35.33,3.561,18.69
35.34,3.515,16.41
35.35,3.462,14.11
35.36,3.405,11.9
35.37,3.346,9.83
35.38,3.284,7.93
35.39,3.221,6.23
35.4,3.157,4.72
35.41,3.093,3.43
35.42,3.032,2.31
35.43,2.973,1.4
35.44,2.917,0.66
35.45,2.866,0.02
35.46,2.821,-0.52
35.47,2.782,-0.98
35.48,2.749,-1.36
35.49,2.724,-1.67
35.5,2.705,-1.91
35.51,2.695,-2.07
35.52,2.692,-2.14
35.53,2.697,-2.11
35.54,2.709,-1.98
35.55,2.73,-1.7
35.56,2.756,-1.29
35.57,2.791,-0.78
35.58,2.831,-0.24
35.59,2.877,0.32
35.6,2.929,0.94
35.61,2.984,1.63
35.62,3.045,2.43
35.63,3.106,3.38
35.64,3.168,4.53
35.65,3.231,5.85
35.66,3.292,7.29
35.67,3.352,8.84
35.68,3.41,10.56
35.69,3.464,12.41
35.7,3.513,14.36
35.71,3.559,16.35
35.72,3.598,18.34
35.73,3.631,20.25
35.74,3.657,21.97
35.75,3.676,23.36
35.76,3.688,24.38
35.77,3.692,24.99
35.78,3.688,25.09
35.79,3.677,24.69
35.8,3.659,23.82
35.81,3.633,22.53
35.82,3.6,20.81
35.83,3.561,18.75
35.84,3.514,16.48
35.85,3.462,14.17
35.86,3.406,11.91
35.87,3.347,9.77
35.88,3.284,7.84
35.89,3.221,6.13
35.9,3.156,4.67
35.91,3.094,3.42
35.92,3.032,2.33
35.93,2.973,1.41
35.94,2.917,0.67
35.95,2.866,0.05
35.96,2.82,-0.49
35.97,2.781,-0.98
35.98,2.749,-1.39
35.99,2.723,-1.72
36,2.705,-2
36.01,2.695,-2.15
36.02,2.693,-2.16
36.03,2.706,-2.04
36.04,2.734,-1.78
36.05,2.779,-1.3
36.06,2.836,-0.66
36.07,2.908,0.11
36.08,2.989,1.04
36.09,3.079,2.2
36.1,3.171,3.69
36.11,3.264,5.54
36.12,3.352,7.73
36.13,3.435,10.2
36.14,3.51,12.94
36.15,3.572,15.87
36.16,3.622,18.77
36.17,3.658,21.38
36.18,3.677,23.43
36.19,3.679,24.64
36.2,3.665,24.82
36.21,3.635,23.9
36.22,3.589,21.98
36.23,3.529,19.24
36.24,3.454,15.98
36.25,3.369,12.56
36.26,3.277,9.33
36.27,3.182,6.5
36.28,3.087,4.18
36.29,2.996,2.38
36.3,2.913,1.02
36.31,2.84,0
36.32,2.78,-0.74
36.33,2.735,-1.33
36.34,2.706,-1.82
36.35,2.695,-2.2
36.36,2.702,-2.35
36.37,2.724,-2.19
36.38,2.762,-1.73
36.39,2.816,-1.05
36.4,2.883,-0.25
36.41,2.961,0.67
36.42,3.049,1.76
36.43,3.14,3.11
36.44,3.233,4.78
36.45,3.323,6.79
36.46,3.407,9.14
36.47,3.486,11.77
36.48,3.552,14.64
36.49,3.607,17.61
36.5,3.648,20.42
36.51,3.673,22.78
36.52,3.681,24.37
36.53,3.671,24.95
36.54,3.647,24.38
36.55,3.606,22.72
36.56,3.55,20.13
36.57,3.48,16.93
36.58,3.398,13.5
36.59,3.309,10.25
36.6,3.215,7.42
36.61,3.119,5.02
36.62,3.026,3.08
36.63,2.94,1.52
36.64,2.863,0.29
36.65,2.798,-0.62
36.66,2.749,-1.3
36.67,2.714,-1.81
36.68,2.697,-2.14
36.69,2.698,-2.27
36.7,2.714,-2.16
36.71,2.747,-1.81
36.72,2.796,-1.25
36.73,2.859,-0.52
36.74,2.934,0.33
36.75,3.018,1.3
36.76,3.109,2.5
36.77,3.202,4.07
36.78,3.294,6.02
36.79,3.381,8.32
36.8,3.462,10.94
36.81,3.534,13.81
36.82,3.594,16.81
36.83,3.639,19.69
36.84,3.669,22.18
36.85,3.684,24.01
36.86,3.681,24.94
36.87,3.662,24.83
36.88,3.627,23.59
36.89,3.575,21.35
36.9,3.509,18.36
36.91,3.43,14.93
36.92,3.342,11.48
36.93,3.247,8.35
36.94,3.151,5.71
36.95,3.057,3.59
36.96,2.967,1.92
36.97,2.885,0.6
36.98,2.816,-0.37
36.99,2.76,-1.08
37,2.719,-1.62
37.01,2.696,-2.01
37.02,2.69,-2.27
37.03,2.702,-2.3
37.04,2.73,-2.06
37.05,2.775,-1.57
37.06,2.834,-0.89
37.07,2.907,-0.04
37.08,2.989,0.94
37.09,3.08,2.11
37.1,3.172,3.57
37.11,3.266,5.39
37.12,3.356,7.58
37.13,3.44,10.09
37.14,3.515,12.88
37.15,3.58,15.88
37.16,3.631,18.88
37.17,3.666,21.58
37.18,3.686,23.71
37.19,3.688,24.98
37.2,3.674,25.23
37.21,3.643,24.37
37.22,3.597,22.42
37.23,3.536,19.57
37.24,3.459,16.16
37.25,3.373,12.61
37.26,3.28,9.3
37.27,3.184,6.47
37.28,3.088,4.2
37.29,2.996,2.43
37.3,2.911,1.07
37.31,2.837,0.02
37.32,2.776,-0.81
37.33,2.731,-1.47
37.34,2.702,-1.96
37.35,2.69,-2.27
37.36,2.697,-2.37
37.37,2.719,-2.17
37.38,2.758,-1.74
37.39,2.813,-1.1
37.4,2.881,-0.31
37.41,2.961,0.61
37.42,3.049,1.69
37.43,3.142,3.04
37.44,3.235,4.73
37.45,3.326,6.79
37.46,3.413,9.19
37.47,3.493,11.87
37.48,3.56,14.8
37.49,3.615,17.82
37.5,3.656,20.69
37.51,3.681,23.11
37.52,3.689,24.73
37.53,3.68,25.3
37.54,3.656,24.74
37.55,3.615,23.08
37.56,3.558,20.49
37.57,3.486,17.24
37.58,3.403,13.73
37.59,3.312,10.38
37.6,3.216,7.42
37.61,3.119,4.94
37.62,3.026,2.95
37.63,2.938,1.4
37.64,2.86,0.26
37.65,2.795,-0.57
37.66,2.743,-1.22
37.67,2.71,-1.75
37.68,2.692,-2.15
37.69,2.693,-2.37
37.7,2.71,-2.33
37.71,2.743,-1.98
37.72,2.792,-1.38
37.73,2.857,-0.59
37.74,2.932,0.33
37.75,3.018,1.35
37.76,3.11,2.58
37.77,3.204,4.11
37.78,3.296,6
37.79,3.385,8.27
37.8,3.467,10.9
37.81,3.54,13.81
37.82,3.599,16.85
37.83,3.644,19.78
37.84,3.675,22.34
37.85,3.688,24.25
37.86,3.685,25.2
37.87,3.667,25.04
37.88,3.63,23.77
37.89,3.578,21.47
37.9,3.512,18.37
37.91,3.432,14.85
37.92,3.343,11.38
37.93,3.249,8.27
37.94,3.152,5.68
37.95,3.057,3.62
37.96,2.966,1.98
37.97,2.885,0.67
37.98,2.815,-0.32
37.99,2.759,-1.1
38,2.719,-1.68
38.01,2.696,-2.1
38.02,2.69,-2.33
38.03,2.703,-2.33
38.04,2.73,-2.06
38.05,2.775,-1.55
38.06,2.833,-0.86
38.07,2.906,-0.03
38.08,2.988,0.92
38.09,3.079,2.09
38.1,3.172,3.53
38.11,3.266,5.32
38.12,3.356,7.46
38.13,3.441,9.96
38.14,3.515,12.79
38.15,3.58,15.83
38.16,3.631,18.87
38.17,3.666,21.6
38.18,3.686,23.7
38.19,3.688,24.91
38.2,3.674,25.09
38.21,3.644,24.16
38.22,3.598,22.23
38.23,3.536,19.43
38.24,3.46,16.08
38.25,3.374,12.6
38.26,3.281,9.34
38.27,3.184,6.51
38.28,3.088,4.2
38.29,2.995,2.41
38.3,2.911,1.03
38.31,2.836,-0.02
38.32,2.776,-0.85
38.33,2.731,-1.5
38.34,2.701,-1.98
38.35,2.69,-2.28
38.36,2.696,-2.39
38.37,2.719,-2.22
38.38,2.758,-1.76
38.39,2.812,-1.1
38.4,2.881,-0.31
38.41,2.96,0.59
38.42,3.048,1.67
38.43,3.142,3.03
38.44,3.236,4.72
38.45,3.327,6.73
38.46,3.413,9.09
38.47,3.492,11.76
38.48,3.56,14.72
38.49,3.616,17.76
38.5,3.657,20.65
38.51,3.682,23.07
38.52,3.689,24.67
38.53,3.681,25.22
38.54,3.656,24.64
38.55,3.615,22.97
38.56,3.558,20.38
38.57,3.487,17.15
38.58,3.403,13.67
38.59,3.313,10.35
38.6,3.216,7.41
38.61,3.12,4.96
38.62,3.025,2.98
38.63,2.938,1.44
38.64,2.86,0.26
38.65,2.794,-0.63
38.66,2.743,-1.31
38.67,2.709,-1.84
38.68,2.692,-2.2
38.69,2.693,-2.38
38.7,2.71,-2.28
38.71,2.743,-1.92
38.72,2.793,-1.34
38.73,2.856,-0.59
38.74,2.932,0.25
38.75,3.018,1.26
38.76,3.11,2.49
38.77,3.204,4.06
38.78,3.297,6.01
38.79,3.384,8.32
38.8,3.467,10.92
38.81,3.539,13.77
38.82,3.599,16.73
38.83,3.645,19.63
38.84,3.675,22.18
38.85,3.689,24.08
38.86,3.685,25.06
38.87,3.666,24.96
38.88,3.631,23.72
38.89,3.579,21.45
38.9,3.512,18.35
38.91,3.432,14.83
38.92,3.344,11.35
38.93,3.249,8.22
38.94,3.152,5.61
38.95,3.057,3.54
38.96,2.966,1.91
38.97,2.885,0.65
38.98,2.814,-0.31
38.99,2.759,-1.04
39,2.718,-1.63
39.01,2.695,-2.09
39.02,2.69,-2.38
39.03,2.702,-2.4
39.04,2.73,-2.13
39.05,2.774,-1.59
39.06,2.834,-0.85
39.07,2.906,0.02
39.08,2.988,0.99
39.09,3.08,2.12
39.1,3.174,3.51
39.11,3.266,5.27
39.12,3.356,7.4
39.13,3.44,9.87
39.14,3.516,12.67
39.15,3.581,15.7
39.16,3.632,18.74
39.17,3.667,21.48
39.18,3.686,23.61
39.19,3.688,24.87
39.2,3.674,25.1
39.21,3.645,24.18
39.22,3.598,22.19
39.23,3.536,19.33
39.24,3.46,15.95
39.25,3.373,12.47
39.26,3.28,9.22
39.27,3.184,6.44
39.28,3.088,4.2
39.29,2.996,2.43
39.3,2.911,1.05
39.31,2.836,-0.01
39.32,2.776,-0.83
39.33,2.73,-1.49
39.34,2.701,-2
39.35,2.691,-2.33
39.36,2.714,-2.4
39.37,2.776,-2.08
39.38,2.878,-1.2
39.39,3.01,0.16
39.4,3.159,1.92
39.41,3.307,4.33
39.42,3.442,7.7
39.43,3.552,11.92
39.44,3.626,16.6
39.45,3.659,20.91
39.46,3.647,23.62
39.47,3.594,23.72
39.48,3.5,20.97
39.49,3.371,16.2
39.5,3.221,10.77
39.51,3.065,6.04
39.52,2.922,2.63
39.53,2.806,0.39
39.54,2.73,-1.07
39.55,2.701,-2.03
39.56,2.718,-2.49
39.57,2.779,-2.29
39.58,2.879,-1.37
39.59,3.01,0.01
39.6,3.158,1.75
39.61,3.308,4.14
39.62,3.442,7.5
39.63,3.552,11.75
39.64,3.626,16.48
39.65,3.659,20.87
39.66,3.647,23.66
39.67,3.594,23.75
39.68,3.5,20.97
39.69,3.372,16.17
39.7,3.221,10.71
39.71,3.065,5.97
39.72,2.922,2.56
39.73,2.806,0.36
39.74,2.73,-1.05
39.75,2.7,-1.97
39.76,2.718,-2.45
39.77,2.778,-2.27
39.78,2.878,-1.38
39.79,3.009,-0.01
39.8,3.159,1.71
39.81,3.309,4.11
39.82,3.446,7.51
39.83,3.558,11.86
39.84,3.634,16.72
39.85,3.668,21.24
39.86,3.657,24.13
39.87,3.604,24.32
39.88,3.509,21.54
39.89,3.378,16.59
39.9,3.225,10.97
39.91,3.065,6.1
39.92,2.917,2.61
39.93,2.799,0.33
39.94,2.72,-1.13
39.95,2.689,-2.1
39.96,2.708,-2.62
39.97,2.77,-2.46
39.98,2.872,-1.53
39.99,3.008,-0.08
40,3.162,1.7
40.01,3.316,4.17
40.02,3.455,7.64
40.03,3.568,12.1
40.04,3.645,17.09
40.05,3.677,21.73
40.06,3.666,24.66
40.07,3.612,24.79
40.08,3.515,21.9
40.09,3.38,16.85
40.1,3.226,11.12
40.11,3.065,6.16
40.12,2.916,2.66
40.13,2.797,0.36
40.14,2.719,-1.15
40.15,2.689,-2.17
40.16,2.707,-2.7
40.17,2.769,-2.49
40.18,2.872,-1.51
40.19,3.008,-0.05
40.2,3.162,1.75
40.21,3.317,4.2
40.22,3.455,7.64
40.23,3.569,12.05
40.24,3.646,17.03
40.25,3.68,21.71
40.26,3.668,24.75
40.27,3.614,24.94
40.28,3.517,22.07
40.29,3.383,16.98
40.3,3.227,11.19
40.31,3.065,6.16
40.32,2.915,2.57
40.33,2.795,0.24
40.34,2.716,-1.24
40.35,2.685,-2.21
40.36,2.703,-2.71
40.37,2.766,-2.5
40.38,2.871,-1.5
40.39,3.008,-0.02
40.4,3.162,1.75
40.41,3.317,4.16
40.42,3.457,7.61
40.43,3.572,12.06
40.44,3.649,17.1
40.45,3.683,21.83
40.46,3.671,24.9
40.47,3.616,25.1
40.48,3.518,22.21
40.49,3.384,17.05
40.5,3.227,11.18
40.51,3.065,6.08
40.52,2.914,2.46
40.53,2.794,0.18
40.54,2.716,-1.25
40.55,2.685,-2.17
40.56,2.703,-2.59
40.57,2.766,-2.37
40.58,2.87,-1.43
40.59,3.008,-0.06
40.6,3.162,1.64
40.61,3.317,4.04
40.62,3.457,7.52
40.63,3.571,12.02
40.64,3.65,17.13
40.65,3.683,21.89
40.66,3.671,24.93
40.67,3.616,25.07
40.68,3.518,22.12
40.69,3.383,16.95
40.7,3.226,11.11
40.71,3.064,6.07
40.72,2.915,2.5
40.73,2.795,0.23
40.74,2.715,-1.2
40.75,2.685,-2.14
40.76,2.703,-2.62
40.77,2.765,-2.4
40.78,2.87,-1.44
40.79,3.007,-0.07
40.8,3.163,1.61
40.81,3.317,4
40.82,3.458,7.49
40.83,3.572,12.03
40.84,3.648,17.15
40.85,3.682,21.92
40.86,3.671,24.93
40.87,3.615,25.04
40.88,3.519,22.04
40.89,3.384,16.87
40.9,3.227,11.06
40.91,3.064,6.08
40.92,2.915,2.56
40.93,2.794,0.3
40.94,2.715,-1.18
40.95,2.685,-2.18
40.96,2.703,-2.69
40.97,2.765,-2.46
40.98,2.87,-1.5
40.99,3.007,-0.08
41,3.163,1.67
41.01,3.317,4.1
41.02,3.458,7.58
41.03,3.572,12.05
41.04,3.649,17.08
41.05,3.683,21.81
41.06,3.671,24.86
41.07,3.616,25.01
41.08,3.518,22.05
41.09,3.384,16.89
41.1,3.227,11.08
41.11,3.066,6.07
41.12,2.915,2.53
41.13,2.795,0.28
41.14,2.716,-1.15
41.15,2.684,-2.14
41.16,2.704,-2.69
41.17,2.766,-2.5
41.18,2.87,-1.53
41.19,3.007,-0.08
41.2,3.163,1.68
41.21,3.318,4.12
41.22,3.458,7.59
41.23,3.571,12.05
41.24,3.65,17.06
41.25,3.682,21.75
41.26,3.671,24.77
41.27,3.615,24.95
41.28,3.518,22.03
41.29,3.384,16.88
41.3,3.227,11.11
41.31,3.064,6.15
41.32,2.914,2.62
41.33,2.794,0.31
41.34,2.716,-1.2
41.35,2.704,-2.2
41.36,2.71,-2.65
41.37,2.706,-2.3
41.38,2.707,-1.86
41.39,2.707,-1.76
41.4,2.706,-1.67
41.41,2.706,-1.53
41.42,2.706,-1.46
41.43,2.706,-1.43
41.44,2.706,-1.43
41.45,2.706,-1.44
41.46,2.706,-1.46
41.47,2.706,-1.42
41.48,2.706,-1.34
41.49,2.706,-1.25
41.5,2.706,-1.19
41.51,2.706,-1.14
41.52,2.706,-1.11
41.53,2.706,-1.11
41.54,2.706,-1.16
41.55,2.706,-1.21
41.56,2.706,-1.21
41.57,2.707,-1.16
41.58,2.706,-1.11
41.59,2.706,-1.04
41.6,2.706,-0.98
41.61,2.706,-0.96
41.62,2.706,-0.98
41.63,2.706,-1.02
41.64,2.706,-1.05
41.65,2.706,-1.06
41.66,2.706,-1.04
41.67,2.707,-0.98
41.68,2.706,-0.92
41.69,2.706,-0.89
41.7,2.706,-0.89
41.71,2.706,-0.9
41.72,2.706,-0.92
41.73,2.706,-0.94
